Category,Resume
Data Science,Experienced data scientist skilled in Python pandas numpy scikit-learn TensorFlow machine learning deep learning. Worked on regression classification clustering models. Strong SQL and data visualization with Tableau. Used Jupyter notebooks for analysis. Experience with AWS and big data tools. Proven track record of success. Seeking challenging opportunities.
Data Science,Data analyst with expertise in statistical modeling predictive analytics Python R machine learning. Built neural network models for NLP computer vision tasks. Proficient in feature engineering model training evaluation. Published research on deep learning techniques. Bachelor degree in related field. 5 years industry experience.
Data Science,Machine learning engineer specializing in Python scikit-learn TensorFlow PyTorch. Developed and deployed production ML pipelines. Extensive experience with data preprocessing feature selection hyperparameter tuning. Strong background in statistics mathematics. Strong communication teamwork skills. 5 years industry experience.
Data Science,Machine learning engineer specializing in Python scikit-learn TensorFlow PyTorch. Developed and deployed production ML pipelines. Extensive experience with data preprocessing feature selection hyperparameter tuning. Strong background in statistics mathematics. Results driven individual. Detail oriented problem solver.
Data Science,Data analyst with expertise in statistical modeling predictive analytics Python R machine learning. Built neural network models for NLP computer vision tasks. Proficient in feature engineering model training evaluation. Published research on deep learning techniques. Certified professional. Bachelor degree in related field.
Data Science,Data analyst with expertise in statistical modeling predictive analytics Python R machine learning. Built neural network models for NLP computer vision tasks. Proficient in feature engineering model training evaluation. Published research on deep learning techniques. Certified professional. Results driven individual.
Data Science,Data analyst with expertise in statistical modeling predictive analytics Python R machine learning. Built neural network models for NLP computer vision tasks. Proficient in feature engineering model training evaluation. Published research on deep learning techniques. Results driven individual. Bachelor degree in related field.
Data Science,Data analyst with expertise in statistical modeling predictive analytics Python R machine learning. Built neural network models for NLP computer vision tasks. Proficient in feature engineering model training evaluation. Published research on deep learning techniques. Certified professional. Seeking challenging opportunities.
Data Science,Machine learning engineer specializing in Python scikit-learn TensorFlow PyTorch. Developed and deployed production ML pipelines. Extensive experience with data preprocessing feature selection hyperparameter tuning. Strong background in statistics mathematics. Results driven individual. Proven track record of success.
Data Science,Experienced data scientist skilled in Python pandas numpy scikit-learn TensorFlow machine learning deep learning. Worked on regression classification clustering models. Strong SQL and data visualization with Tableau. Used Jupyter notebooks for analysis. Experience with AWS and big data tools. Bachelor degree in related field. Detail oriented problem solver.
Data Science,Experienced data scientist skilled in Python pandas numpy scikit-learn TensorFlow machine learning deep learning. Worked on regression classification clustering models. Strong SQL and data visualization with Tableau. Used Jupyter notebooks for analysis. Experience with AWS and big data tools. Bachelor degree in related field. Seeking challenging opportunities.
Data Science,Machine learning engineer specializing in Python scikit-learn TensorFlow PyTorch. Developed and deployed production ML pipelines. Extensive experience with data preprocessing feature selection hyperparameter tuning. Strong background in statistics mathematics. Bachelor degree in related field. Proven track record of success.
Data Science,Machine learning engineer specializing in Python scikit-learn TensorFlow PyTorch. Developed and deployed production ML pipelines. Extensive experience with data preprocessing feature selection hyperparameter tuning. Strong background in statistics mathematics. Detail oriented problem solver. Results driven individual.
Data Science,Machine learning engineer specializing in Python scikit-learn TensorFlow PyTorch. Developed and deployed production ML pipelines. Extensive experience with data preprocessing feature selection hyperparameter tuning. Strong background in statistics mathematics. Strong communication teamwork skills. Proven track record of success.
Data Science,Machine learning engineer specializing in Python scikit-learn TensorFlow PyTorch. Developed and deployed production ML pipelines. Extensive experience with data preprocessing feature selection hyperparameter tuning. Strong background in statistics mathematics. Detail oriented problem solver. Proven track record of success.
Data Science,Experienced data scientist skilled in Python pandas numpy scikit-learn TensorFlow machine learning deep learning. Worked on regression classification clustering models. Strong SQL and data visualization with Tableau. Used Jupyter notebooks for analysis. Experience with AWS and big data tools. Proven track record of success. Results driven individual.
Data Science,Data analyst with expertise in statistical modeling predictive analytics Python R machine learning. Built neural network models for NLP computer vision tasks. Proficient in feature engineering model training evaluation. Published research on deep learning techniques. Detail oriented problem solver. Certified professional.
Data Science,Experienced data scientist skilled in Python pandas numpy scikit-learn TensorFlow machine learning deep learning. Worked on regression classification clustering models. Strong SQL and data visualization with Tableau. Used Jupyter notebooks for analysis. Experience with AWS and big data tools. Certified professional. Strong communication teamwork skills.
Data Science,Experienced data scientist skilled in Python pandas numpy scikit-learn TensorFlow machine learning deep learning. Worked on regression classification clustering models. Strong SQL and data visualization with Tableau. Used Jupyter notebooks for analysis. Experience with AWS and big data tools. Certified professional. 5 years industry experience.
Data Science,Experienced data scientist skilled in Python pandas numpy scikit-learn TensorFlow machine learning deep learning. Worked on regression classification clustering models. Strong SQL and data visualization with Tableau. Used Jupyter notebooks for analysis. Experience with AWS and big data tools. Proven track record of success. Bachelor degree in related field.
Data Science,Experienced data scientist skilled in Python pandas numpy scikit-learn TensorFlow machine learning deep learning. Worked on regression classification clustering models. Strong SQL and data visualization with Tableau. Used Jupyter notebooks for analysis. Experience with AWS and big data tools. Certified professional. Proven track record of success.
Data Science,Experienced data scientist skilled in Python pandas numpy scikit-learn TensorFlow machine learning deep learning. Worked on regression classification clustering models. Strong SQL and data visualization with Tableau. Used Jupyter notebooks for analysis. Experience with AWS and big data tools. Certified professional. Proven track record of success.
Data Science,Experienced data scientist skilled in Python pandas numpy scikit-learn TensorFlow machine learning deep learning. Worked on regression classification clustering models. Strong SQL and data visualization with Tableau. Used Jupyter notebooks for analysis. Experience with AWS and big data tools. 5 years industry experience. Strong communication teamwork skills.
Data Science,Experienced data scientist skilled in Python pandas numpy scikit-learn TensorFlow machine learning deep learning. Worked on regression classification clustering models. Strong SQL and data visualization with Tableau. Used Jupyter notebooks for analysis. Experience with AWS and big data tools. Bachelor degree in related field. Proven track record of success.
Data Science,Machine learning engineer specializing in Python scikit-learn TensorFlow PyTorch. Developed and deployed production ML pipelines. Extensive experience with data preprocessing feature selection hyperparameter tuning. Strong background in statistics mathematics. Certified professional. Detail oriented problem solver.
Data Science,Data analyst with expertise in statistical modeling predictive analytics Python R machine learning. Built neural network models for NLP computer vision tasks. Proficient in feature engineering model training evaluation. Published research on deep learning techniques. Seeking challenging opportunities. 5 years industry experience.
Data Science,Machine learning engineer specializing in Python scikit-learn TensorFlow PyTorch. Developed and deployed production ML pipelines. Extensive experience with data preprocessing feature selection hyperparameter tuning. Strong background in statistics mathematics. Seeking challenging opportunities. Certified professional.
Data Science,Data analyst with expertise in statistical modeling predictive analytics Python R machine learning. Built neural network models for NLP computer vision tasks. Proficient in feature engineering model training evaluation. Published research on deep learning techniques. Seeking challenging opportunities. 5 years industry experience.
Data Science,Data analyst with expertise in statistical modeling predictive analytics Python R machine learning. Built neural network models for NLP computer vision tasks. Proficient in feature engineering model training evaluation. Published research on deep learning techniques. Seeking challenging opportunities. Bachelor degree in related field.
Data Science,Experienced data scientist skilled in Python pandas numpy scikit-learn TensorFlow machine learning deep learning. Worked on regression classification clustering models. Strong SQL and data visualization with Tableau. Used Jupyter notebooks for analysis. Experience with AWS and big data tools. 5 years industry experience. Seeking challenging opportunities.
Data Science,Experienced data scientist skilled in Python pandas numpy scikit-learn TensorFlow machine learning deep learning. Worked on regression classification clustering models. Strong SQL and data visualization with Tableau. Used Jupyter notebooks for analysis. Experience with AWS and big data tools. Certified professional. 5 years industry experience.
Data Science,Experienced data scientist skilled in Python pandas numpy scikit-learn TensorFlow machine learning deep learning. Worked on regression classification clustering models. Strong SQL and data visualization with Tableau. Used Jupyter notebooks for analysis. Experience with AWS and big data tools. Seeking challenging opportunities. Detail oriented problem solver.
Data Science,Machine learning engineer specializing in Python scikit-learn TensorFlow PyTorch. Developed and deployed production ML pipelines. Extensive experience with data preprocessing feature selection hyperparameter tuning. Strong background in statistics mathematics. Strong communication teamwork skills. 5 years industry experience.
Data Science,Data analyst with expertise in statistical modeling predictive analytics Python R machine learning. Built neural network models for NLP computer vision tasks. Proficient in feature engineering model training evaluation. Published research on deep learning techniques. Detail oriented problem solver. Bachelor degree in related field.
Data Science,Machine learning engineer specializing in Python scikit-learn TensorFlow PyTorch. Developed and deployed production ML pipelines. Extensive experience with data preprocessing feature selection hyperparameter tuning. Strong background in statistics mathematics. Proven track record of success. Results driven individual.
Data Science,Experienced data scientist skilled in Python pandas numpy scikit-learn TensorFlow machine learning deep learning. Worked on regression classification clustering models. Strong SQL and data visualization with Tableau. Used Jupyter notebooks for analysis. Experience with AWS and big data tools. Bachelor degree in related field. Results driven individual.
Data Science,Data analyst with expertise in statistical modeling predictive analytics Python R machine learning. Built neural network models for NLP computer vision tasks. Proficient in feature engineering model training evaluation. Published research on deep learning techniques. Strong communication teamwork skills. 5 years industry experience.
Data Science,Experienced data scientist skilled in Python pandas numpy scikit-learn TensorFlow machine learning deep learning. Worked on regression classification clustering models. Strong SQL and data visualization with Tableau. Used Jupyter notebooks for analysis. Experience with AWS and big data tools. Bachelor degree in related field. Detail oriented problem solver.
Data Science,Machine learning engineer specializing in Python scikit-learn TensorFlow PyTorch. Developed and deployed production ML pipelines. Extensive experience with data preprocessing feature selection hyperparameter tuning. Strong background in statistics mathematics. Seeking challenging opportunities. 5 years industry experience.
Data Science,Experienced data scientist skilled in Python pandas numpy scikit-learn TensorFlow machine learning deep learning. Worked on regression classification clustering models. Strong SQL and data visualization with Tableau. Used Jupyter notebooks for analysis. Experience with AWS and big data tools. Proven track record of success. Results driven individual.
Java Developer,Senior Java developer with expertise in Spring Boot REST API microservices. Implemented design patterns like factory singleton observer. Extensive experience with SQL database optimization. Led teams using Agile Scrum methodology. Results driven individual. Detail oriented problem solver.
Java Developer,Senior Java developer with expertise in Spring Boot REST API microservices. Implemented design patterns like factory singleton observer. Extensive experience with SQL database optimization. Led teams using Agile Scrum methodology. Certified professional. Strong communication teamwork skills.
Java Developer,Senior Java developer with expertise in Spring Boot REST API microservices. Implemented design patterns like factory singleton observer. Extensive experience with SQL database optimization. Led teams using Agile Scrum methodology. Seeking challenging opportunities. Detail oriented problem solver.
Java Developer,Backend Java developer specializing in enterprise applications Spring Framework Hibernate ORM. Built scalable REST APIs microservices architecture. Experience with cloud platforms AWS Azure. Strong object oriented programming skills. Bachelor degree in related field. Certified professional.
Java Developer,Backend Java developer specializing in enterprise applications Spring Framework Hibernate ORM. Built scalable REST APIs microservices architecture. Experience with cloud platforms AWS Azure. Strong object oriented programming skills. Results driven individual. Certified professional.
Java Developer,Backend Java developer specializing in enterprise applications Spring Framework Hibernate ORM. Built scalable REST APIs microservices architecture. Experience with cloud platforms AWS Azure. Strong object oriented programming skills. Results driven individual. Detail oriented problem solver.
Java Developer,Senior Java developer with expertise in Spring Boot REST API microservices. Implemented design patterns like factory singleton observer. Extensive experience with SQL database optimization. Led teams using Agile Scrum methodology. Proven track record of success. Seeking challenging opportunities.
Java Developer,Java software engineer with 4 years experience in Spring Boot microservices REST API development. Proficient in Maven Gradle JUnit design patterns. Worked with PostgreSQL MySQL databases. Experience with Docker Kubernetes CI/CD pipelines and Agile Scrum methodology. Strong communication teamwork skills. Seeking challenging opportunities.
Java Developer,Backend Java developer specializing in enterprise applications Spring Framework Hibernate ORM. Built scalable REST APIs microservices architecture. Experience with cloud platforms AWS Azure. Strong object oriented programming skills. Bachelor degree in related field. Results driven individual.
Java Developer,Senior Java developer with expertise in Spring Boot REST API microservices. Implemented design patterns like factory singleton observer. Extensive experience with SQL database optimization. Led teams using Agile Scrum methodology. Bachelor degree in related field. Seeking challenging opportunities.
Java Developer,Java software engineer with 4 years experience in Spring Boot microservices REST API development. Proficient in Maven Gradle JUnit design patterns. Worked with PostgreSQL MySQL databases. Experience with Docker Kubernetes CI/CD pipelines and Agile Scrum methodology. Strong communication teamwork skills. Detail oriented problem solver.
Java Developer,Backend Java developer specializing in enterprise applications Spring Framework Hibernate ORM. Built scalable REST APIs microservices architecture. Experience with cloud platforms AWS Azure. Strong object oriented programming skills. Results driven individual. 5 years industry experience.
Java Developer,Java software engineer with 4 years experience in Spring Boot microservices REST API development. Proficient in Maven Gradle JUnit design patterns. Worked with PostgreSQL MySQL databases. Experience with Docker Kubernetes CI/CD pipelines and Agile Scrum methodology. Seeking challenging opportunities. Certified professional.
Java Developer,Senior Java developer with expertise in Spring Boot REST API microservices. Implemented design patterns like factory singleton observer. Extensive experience with SQL database optimization. Led teams using Agile Scrum methodology. Certified professional. Strong communication teamwork skills.
Java Developer,Senior Java developer with expertise in Spring Boot REST API microservices. Implemented design patterns like factory singleton observer. Extensive experience with SQL database optimization. Led teams using Agile Scrum methodology. 5 years industry experience. Detail oriented problem solver.
Java Developer,Backend Java developer specializing in enterprise applications Spring Framework Hibernate ORM. Built scalable REST APIs microservices architecture. Experience with cloud platforms AWS Azure. Strong object oriented programming skills. Bachelor degree in related field. Proven track record of success.
Java Developer,Java software engineer with 4 years experience in Spring Boot microservices REST API development. Proficient in Maven Gradle JUnit design patterns. Worked with PostgreSQL MySQL databases. Experience with Docker Kubernetes CI/CD pipelines and Agile Scrum methodology. Proven track record of success. Strong communication teamwork skills.
Java Developer,Java software engineer with 4 years experience in Spring Boot microservices REST API development. Proficient in Maven Gradle JUnit design patterns. Worked with PostgreSQL MySQL databases. Experience with Docker Kubernetes CI/CD pipelines and Agile Scrum methodology. 5 years industry experience. Proven track record of success.
Java Developer,Backend Java developer specializing in enterprise applications Spring Framework Hibernate ORM. Built scalable REST APIs microservices architecture. Experience with cloud platforms AWS Azure. Strong object oriented programming skills. Results driven individual. Certified professional.
Java Developer,Java software engineer with 4 years experience in Spring Boot microservices REST API development. Proficient in Maven Gradle JUnit design patterns. Worked with PostgreSQL MySQL databases. Experience with Docker Kubernetes CI/CD pipelines and Agile Scrum methodology. Certified professional. Results driven individual.
Java Developer,Backend Java developer specializing in enterprise applications Spring Framework Hibernate ORM. Built scalable REST APIs microservices architecture. Experience with cloud platforms AWS Azure. Strong object oriented programming skills. 5 years industry experience. Detail oriented problem solver.
Java Developer,Senior Java developer with expertise in Spring Boot REST API microservices. Implemented design patterns like factory singleton observer. Extensive experience with SQL database optimization. Led teams using Agile Scrum methodology. Results driven individual. Bachelor degree in related field.
Java Developer,Senior Java developer with expertise in Spring Boot REST API microservices. Implemented design patterns like factory singleton observer. Extensive experience with SQL database optimization. Led teams using Agile Scrum methodology. Results driven individual. 5 years industry experience.
Java Developer,Senior Java developer with expertise in Spring Boot REST API microservices. Implemented design patterns like factory singleton observer. Extensive experience with SQL database optimization. Led teams using Agile Scrum methodology. Seeking challenging opportunities. 5 years industry experience.
Java Developer,Backend Java developer specializing in enterprise applications Spring Framework Hibernate ORM. Built scalable REST APIs microservices architecture. Experience with cloud platforms AWS Azure. Strong object oriented programming skills. Certified professional. Results driven individual.
Java Developer,Senior Java developer with expertise in Spring Boot REST API microservices. Implemented design patterns like factory singleton observer. Extensive experience with SQL database optimization. Led teams using Agile Scrum methodology. Certified professional. Bachelor degree in related field.
Java Developer,Backend Java developer specializing in enterprise applications Spring Framework Hibernate ORM. Built scalable REST APIs microservices architecture. Experience with cloud platforms AWS Azure. Strong object oriented programming skills. Bachelor degree in related field. Seeking challenging opportunities.
Java Developer,Backend Java developer specializing in enterprise applications Spring Framework Hibernate ORM. Built scalable REST APIs microservices architecture. Experience with cloud platforms AWS Azure. Strong object oriented programming skills. Certified professional. Strong communication teamwork skills.
Java Developer,Backend Java developer specializing in enterprise applications Spring Framework Hibernate ORM. Built scalable REST APIs microservices architecture. Experience with cloud platforms AWS Azure. Strong object oriented programming skills. Strong communication teamwork skills. Seeking challenging opportunities.
Java Developer,Java software engineer with 4 years experience in Spring Boot microservices REST API development. Proficient in Maven Gradle JUnit design patterns. Worked with PostgreSQL MySQL databases. Experience with Docker Kubernetes CI/CD pipelines and Agile Scrum methodology. Strong communication teamwork skills. Certified professional.
Java Developer,Backend Java developer specializing in enterprise applications Spring Framework Hibernate ORM. Built scalable REST APIs microservices architecture. Experience with cloud platforms AWS Azure. Strong object oriented programming skills. Bachelor degree in related field. Seeking challenging opportunities.
Java Developer,Backend Java developer specializing in enterprise applications Spring Framework Hibernate ORM. Built scalable REST APIs microservices architecture. Experience with cloud platforms AWS Azure. Strong object oriented programming skills. Detail oriented problem solver. Proven track record of success.
Java Developer,Senior Java developer with expertise in Spring Boot REST API microservices. Implemented design patterns like factory singleton observer. Extensive experience with SQL database optimization. Led teams using Agile Scrum methodology. Results driven individual. Proven track record of success.
Java Developer,Java software engineer with 4 years experience in Spring Boot microservices REST API development. Proficient in Maven Gradle JUnit design patterns. Worked with PostgreSQL MySQL databases. Experience with Docker Kubernetes CI/CD pipelines and Agile Scrum methodology. Strong communication teamwork skills. Certified professional.
Java Developer,Java software engineer with 4 years experience in Spring Boot microservices REST API development. Proficient in Maven Gradle JUnit design patterns. Worked with PostgreSQL MySQL databases. Experience with Docker Kubernetes CI/CD pipelines and Agile Scrum methodology. Results driven individual. Proven track record of success.
Java Developer,Senior Java developer with expertise in Spring Boot REST API microservices. Implemented design patterns like factory singleton observer. Extensive experience with SQL database optimization. Led teams using Agile Scrum methodology. Seeking challenging opportunities. Proven track record of success.
Java Developer,Senior Java developer with expertise in Spring Boot REST API microservices. Implemented design patterns like factory singleton observer. Extensive experience with SQL database optimization. Led teams using Agile Scrum methodology. Certified professional. Proven track record of success.
Java Developer,Backend Java developer specializing in enterprise applications Spring Framework Hibernate ORM. Built scalable REST APIs microservices architecture. Experience with cloud platforms AWS Azure. Strong object oriented programming skills. Detail oriented problem solver. Certified professional.
Java Developer,Java software engineer with 4 years experience in Spring Boot microservices REST API development. Proficient in Maven Gradle JUnit design patterns. Worked with PostgreSQL MySQL databases. Experience with Docker Kubernetes CI/CD pipelines and Agile Scrum methodology. Seeking challenging opportunities. Certified professional.
Java Developer,Senior Java developer with expertise in Spring Boot REST API microservices. Implemented design patterns like factory singleton observer. Extensive experience with SQL database optimization. Led teams using Agile Scrum methodology. Seeking challenging opportunities. 5 years industry experience.
Python Developer,Python developer experienced in Django Flask REST API development. Built web applications with PostgreSQL MongoDB backends. Proficient in Git Docker Linux environment. Experience with AWS Lambda serverless functions and celery task queues. Seeking challenging opportunities. Strong communication teamwork skills.
Python Developer,Python developer experienced in Django Flask REST API development. Built web applications with PostgreSQL MongoDB backends. Proficient in Git Docker Linux environment. Experience with AWS Lambda serverless functions and celery task queues. Results driven individual. 5 years industry experience.
Python Developer,Python software engineer with expertise in Flask microservices Docker Kubernetes. Built ML model deployment pipelines. Proficient in SQL NoSQL databases. Experience with CI/CD Jenkins GitHub Actions. Bachelor degree in related field. Results driven individual.
Python Developer,Python software engineer with expertise in Flask microservices Docker Kubernetes. Built ML model deployment pipelines. Proficient in SQL NoSQL databases. Experience with CI/CD Jenkins GitHub Actions. Bachelor degree in related field. Strong communication teamwork skills.
Python Developer,Python developer experienced in Django Flask REST API development. Built web applications with PostgreSQL MongoDB backends. Proficient in Git Docker Linux environment. Experience with AWS Lambda serverless functions and celery task queues. Results driven individual. 5 years industry experience.
Python Developer,Python developer experienced in Django Flask REST API development. Built web applications with PostgreSQL MongoDB backends. Proficient in Git Docker Linux environment. Experience with AWS Lambda serverless functions and celery task queues. Strong communication teamwork skills. Results driven individual.
Python Developer,Python software engineer with expertise in Flask microservices Docker Kubernetes. Built ML model deployment pipelines. Proficient in SQL NoSQL databases. Experience with CI/CD Jenkins GitHub Actions. 5 years industry experience. Results driven individual.
Python Developer,Python developer experienced in Django Flask REST API development. Built web applications with PostgreSQL MongoDB backends. Proficient in Git Docker Linux environment. Experience with AWS Lambda serverless functions and celery task queues. Seeking challenging opportunities. Results driven individual.
Python Developer,Python developer experienced in Django Flask REST API development. Built web applications with PostgreSQL MongoDB backends. Proficient in Git Docker Linux environment. Experience with AWS Lambda serverless functions and celery task queues. Detail oriented problem solver. Strong communication teamwork skills.
Python Developer,Python developer experienced in Django Flask REST API development. Built web applications with PostgreSQL MongoDB backends. Proficient in Git Docker Linux environment. Experience with AWS Lambda serverless functions and celery task queues. Results driven individual. Proven track record of success.
Python Developer,Python software engineer with expertise in Flask microservices Docker Kubernetes. Built ML model deployment pipelines. Proficient in SQL NoSQL databases. Experience with CI/CD Jenkins GitHub Actions. Proven track record of success. Detail oriented problem solver.
Python Developer,Backend Python engineer specializing in Django REST framework. Developed scalable APIs deployed on AWS. Experience with Redis caching PostgreSQL optimization unit testing pytest. Strong Python programming skills and data structures knowledge. Results driven individual. Seeking challenging opportunities.
Python Developer,Python developer experienced in Django Flask REST API development. Built web applications with PostgreSQL MongoDB backends. Proficient in Git Docker Linux environment. Experience with AWS Lambda serverless functions and celery task queues. Proven track record of success. Strong communication teamwork skills.
Python Developer,Python software engineer with expertise in Flask microservices Docker Kubernetes. Built ML model deployment pipelines. Proficient in SQL NoSQL databases. Experience with CI/CD Jenkins GitHub Actions. Strong communication teamwork skills. Seeking challenging opportunities.
Python Developer,Backend Python engineer specializing in Django REST framework. Developed scalable APIs deployed on AWS. Experience with Redis caching PostgreSQL optimization unit testing pytest. Strong Python programming skills and data structures knowledge. 5 years industry experience. Strong communication teamwork skills.
Python Developer,Python software engineer with expertise in Flask microservices Docker Kubernetes. Built ML model deployment pipelines. Proficient in SQL NoSQL databases. Experience with CI/CD Jenkins GitHub Actions. Results driven individual. Detail oriented problem solver.
Python Developer,Python developer experienced in Django Flask REST API development. Built web applications with PostgreSQL MongoDB backends. Proficient in Git Docker Linux environment. Experience with AWS Lambda serverless functions and celery task queues. Proven track record of success. Seeking challenging opportunities.
Python Developer,Backend Python engineer specializing in Django REST framework. Developed scalable APIs deployed on AWS. Experience with Redis caching PostgreSQL optimization unit testing pytest. Strong Python programming skills and data structures knowledge. Detail oriented problem solver. Bachelor degree in related field.
Python Developer,Python developer experienced in Django Flask REST API development. Built web applications with PostgreSQL MongoDB backends. Proficient in Git Docker Linux environment. Experience with AWS Lambda serverless functions and celery task queues. Proven track record of success. Results driven individual.
Python Developer,Backend Python engineer specializing in Django REST framework. Developed scalable APIs deployed on AWS. Experience with Redis caching PostgreSQL optimization unit testing pytest. Strong Python programming skills and data structures knowledge. 5 years industry experience. Bachelor degree in related field.
Python Developer,Backend Python engineer specializing in Django REST framework. Developed scalable APIs deployed on AWS. Experience with Redis caching PostgreSQL optimization unit testing pytest. Strong Python programming skills and data structures knowledge. Strong communication teamwork skills. Detail oriented problem solver.
Python Developer,Python software engineer with expertise in Flask microservices Docker Kubernetes. Built ML model deployment pipelines. Proficient in SQL NoSQL databases. Experience with CI/CD Jenkins GitHub Actions. Results driven individual. Detail oriented problem solver.
Python Developer,Backend Python engineer specializing in Django REST framework. Developed scalable APIs deployed on AWS. Experience with Redis caching PostgreSQL optimization unit testing pytest. Strong Python programming skills and data structures knowledge. Bachelor degree in related field. Detail oriented problem solver.
Python Developer,Backend Python engineer specializing in Django REST framework. Developed scalable APIs deployed on AWS. Experience with Redis caching PostgreSQL optimization unit testing pytest. Strong Python programming skills and data structures knowledge. Results driven individual. Bachelor degree in related field.
Python Developer,Python software engineer with expertise in Flask microservices Docker Kubernetes. Built ML model deployment pipelines. Proficient in SQL NoSQL databases. Experience with CI/CD Jenkins GitHub Actions. Seeking challenging opportunities. Certified professional.
Python Developer,Python developer experienced in Django Flask REST API development. Built web applications with PostgreSQL MongoDB backends. Proficient in Git Docker Linux environment. Experience with AWS Lambda serverless functions and celery task queues. Detail oriented problem solver. Proven track record of success.
Python Developer,Backend Python engineer specializing in Django REST framework. Developed scalable APIs deployed on AWS. Experience with Redis caching PostgreSQL optimization unit testing pytest. Strong Python programming skills and data structures knowledge. 5 years industry experience. Proven track record of success.
Python Developer,Backend Python engineer specializing in Django REST framework. Developed scalable APIs deployed on AWS. Experience with Redis caching PostgreSQL optimization unit testing pytest. Strong Python programming skills and data structures knowledge. Proven track record of success. Bachelor degree in related field.
Python Developer,Python software engineer with expertise in Flask microservices Docker Kubernetes. Built ML model deployment pipelines. Proficient in SQL NoSQL databases. Experience with CI/CD Jenkins GitHub Actions. Detail oriented problem solver. Results driven individual.
Python Developer,Python software engineer with expertise in Flask microservices Docker Kubernetes. Built ML model deployment pipelines. Proficient in SQL NoSQL databases. Experience with CI/CD Jenkins GitHub Actions. Certified professional. Results driven individual.
Python Developer,Python developer experienced in Django Flask REST API development. Built web applications with PostgreSQL MongoDB backends. Proficient in Git Docker Linux environment. Experience with AWS Lambda serverless functions and celery task queues. Strong communication teamwork skills. Results driven individual.
Python Developer,Python developer experienced in Django Flask REST API development. Built web applications with PostgreSQL MongoDB backends. Proficient in Git Docker Linux environment. Experience with AWS Lambda serverless functions and celery task queues. 5 years industry experience. Proven track record of success.
Python Developer,Backend Python engineer specializing in Django REST framework. Developed scalable APIs deployed on AWS. Experience with Redis caching PostgreSQL optimization unit testing pytest. Strong Python programming skills and data structures knowledge. Results driven individual. Certified professional.
Python Developer,Python software engineer with expertise in Flask microservices Docker Kubernetes. Built ML model deployment pipelines. Proficient in SQL NoSQL databases. Experience with CI/CD Jenkins GitHub Actions. 5 years industry experience. Seeking challenging opportunities.
Python Developer,Python software engineer with expertise in Flask microservices Docker Kubernetes. Built ML model deployment pipelines. Proficient in SQL NoSQL databases. Experience with CI/CD Jenkins GitHub Actions. Seeking challenging opportunities. Proven track record of success.
Python Developer,Backend Python engineer specializing in Django REST framework. Developed scalable APIs deployed on AWS. Experience with Redis caching PostgreSQL optimization unit testing pytest. Strong Python programming skills and data structures knowledge. Seeking challenging opportunities. Detail oriented problem solver.
Python Developer,Python software engineer with expertise in Flask microservices Docker Kubernetes. Built ML model deployment pipelines. Proficient in SQL NoSQL databases. Experience with CI/CD Jenkins GitHub Actions. Proven track record of success. Strong communication teamwork skills.
Python Developer,Python developer experienced in Django Flask REST API development. Built web applications with PostgreSQL MongoDB backends. Proficient in Git Docker Linux environment. Experience with AWS Lambda serverless functions and celery task queues. Results driven individual. Bachelor degree in related field.
Python Developer,Python software engineer with expertise in Flask microservices Docker Kubernetes. Built ML model deployment pipelines. Proficient in SQL NoSQL databases. Experience with CI/CD Jenkins GitHub Actions. Certified professional. Results driven individual.
Python Developer,Python developer experienced in Django Flask REST API development. Built web applications with PostgreSQL MongoDB backends. Proficient in Git Docker Linux environment. Experience with AWS Lambda serverless functions and celery task queues. 5 years industry experience. Seeking challenging opportunities.
Web Designing,Web designer with expertise in HTML CSS JavaScript Bootstrap React. Used Adobe Photoshop Illustrator for graphics. Experience with Figma for UI design user experience research. Built mobile-first responsive websites. Detail oriented problem solver. Results driven individual.
Web Designing,Web designer with expertise in HTML CSS JavaScript Bootstrap React. Used Adobe Photoshop Illustrator for graphics. Experience with Figma for UI design user experience research. Built mobile-first responsive websites. Proven track record of success. Bachelor degree in related field.
Web Designing,Web designer with expertise in HTML CSS JavaScript Bootstrap React. Used Adobe Photoshop Illustrator for graphics. Experience with Figma for UI design user experience research. Built mobile-first responsive websites. Bachelor degree in related field. Certified professional.
Web Designing,Web designer with expertise in HTML CSS JavaScript Bootstrap React. Used Adobe Photoshop Illustrator for graphics. Experience with Figma for UI design user experience research. Built mobile-first responsive websites. Strong communication teamwork skills. 5 years industry experience.
Web Designing,Web designer with expertise in HTML CSS JavaScript Bootstrap React. Used Adobe Photoshop Illustrator for graphics. Experience with Figma for UI design user experience research. Built mobile-first responsive websites. Strong communication teamwork skills. Detail oriented problem solver.
Web Designing,UI UX designer and frontend developer proficient in React Angular HTML CSS JavaScript. Used Figma for wireframing prototyping. Experience with Sass Node.js REST API integration. Created accessible responsive web designs. Bachelor degree in related field. Detail oriented problem solver.
Web Designing,Frontend web designer skilled in HTML CSS JavaScript React Bootstrap. Created responsive UI/UX designs using Figma Adobe XD. Experience with animations CSS transitions. Built interactive web applications with modern JavaScript frameworks. Seeking challenging opportunities. Certified professional.
Web Designing,UI UX designer and frontend developer proficient in React Angular HTML CSS JavaScript. Used Figma for wireframing prototyping. Experience with Sass Node.js REST API integration. Created accessible responsive web designs. Proven track record of success. Strong communication teamwork skills.
Web Designing,Web designer with expertise in HTML CSS JavaScript Bootstrap React. Used Adobe Photoshop Illustrator for graphics. Experience with Figma for UI design user experience research. Built mobile-first responsive websites. 5 years industry experience. Bachelor degree in related field.
Web Designing,Web designer with expertise in HTML CSS JavaScript Bootstrap React. Used Adobe Photoshop Illustrator for graphics. Experience with Figma for UI design user experience research. Built mobile-first responsive websites. Results driven individual. Seeking challenging opportunities.
Web Designing,Web designer with expertise in HTML CSS JavaScript Bootstrap React. Used Adobe Photoshop Illustrator for graphics. Experience with Figma for UI design user experience research. Built mobile-first responsive websites. Detail oriented problem solver. Seeking challenging opportunities.
Web Designing,Frontend web designer skilled in HTML CSS JavaScript React Bootstrap. Created responsive UI/UX designs using Figma Adobe XD. Experience with animations CSS transitions. Built interactive web applications with modern JavaScript frameworks. 5 years industry experience. Detail oriented problem solver.
Web Designing,UI UX designer and frontend developer proficient in React Angular HTML CSS JavaScript. Used Figma for wireframing prototyping. Experience with Sass Node.js REST API integration. Created accessible responsive web designs. Detail oriented problem solver. Results driven individual.
Web Designing,UI UX designer and frontend developer proficient in React Angular HTML CSS JavaScript. Used Figma for wireframing prototyping. Experience with Sass Node.js REST API integration. Created accessible responsive web designs. Bachelor degree in related field. Proven track record of success.
Web Designing,Web designer with expertise in HTML CSS JavaScript Bootstrap React. Used Adobe Photoshop Illustrator for graphics. Experience with Figma for UI design user experience research. Built mobile-first responsive websites. Seeking challenging opportunities. Bachelor degree in related field.
Web Designing,UI UX designer and frontend developer proficient in React Angular HTML CSS JavaScript. Used Figma for wireframing prototyping. Experience with Sass Node.js REST API integration. Created accessible responsive web designs. Strong communication teamwork skills. Proven track record of success.
Web Designing,Web designer with expertise in HTML CSS JavaScript Bootstrap React. Used Adobe Photoshop Illustrator for graphics. Experience with Figma for UI design user experience research. Built mobile-first responsive websites. Proven track record of success. Results driven individual.
Web Designing,Frontend web designer skilled in HTML CSS JavaScript React Bootstrap. Created responsive UI/UX designs using Figma Adobe XD. Experience with animations CSS transitions. Built interactive web applications with modern JavaScript frameworks. Proven track record of success. 5 years industry experience.
Web Designing,Frontend web designer skilled in HTML CSS JavaScript React Bootstrap. Created responsive UI/UX designs using Figma Adobe XD. Experience with animations CSS transitions. Built interactive web applications with modern JavaScript frameworks. Proven track record of success. Bachelor degree in related field.
Web Designing,Web designer with expertise in HTML CSS JavaScript Bootstrap React. Used Adobe Photoshop Illustrator for graphics. Experience with Figma for UI design user experience research. Built mobile-first responsive websites. Certified professional. Seeking challenging opportunities.
Web Designing,Frontend web designer skilled in HTML CSS JavaScript React Bootstrap. Created responsive UI/UX designs using Figma Adobe XD. Experience with animations CSS transitions. Built interactive web applications with modern JavaScript frameworks. Strong communication teamwork skills. Certified professional.
Web Designing,UI UX designer and frontend developer proficient in React Angular HTML CSS JavaScript. Used Figma for wireframing prototyping. Experience with Sass Node.js REST API integration. Created accessible responsive web designs. Bachelor degree in related field. Certified professional.
Web Designing,Web designer with expertise in HTML CSS JavaScript Bootstrap React. Used Adobe Photoshop Illustrator for graphics. Experience with Figma for UI design user experience research. Built mobile-first responsive websites. Certified professional. Strong communication teamwork skills.
Web Designing,Frontend web designer skilled in HTML CSS JavaScript React Bootstrap. Created responsive UI/UX designs using Figma Adobe XD. Experience with animations CSS transitions. Built interactive web applications with modern JavaScript frameworks. Seeking challenging opportunities. Bachelor degree in related field.
Web Designing,Web designer with expertise in HTML CSS JavaScript Bootstrap React. Used Adobe Photoshop Illustrator for graphics. Experience with Figma for UI design user experience research. Built mobile-first responsive websites. 5 years industry experience. Seeking challenging opportunities.
Web Designing,UI UX designer and frontend developer proficient in React Angular HTML CSS JavaScript. Used Figma for wireframing prototyping. Experience with Sass Node.js REST API integration. Created accessible responsive web designs. Proven track record of success. 5 years industry experience.
Web Designing,Frontend web designer skilled in HTML CSS JavaScript React Bootstrap. Created responsive UI/UX designs using Figma Adobe XD. Experience with animations CSS transitions. Built interactive web applications with modern JavaScript frameworks. Proven track record of success. Certified professional.
Web Designing,UI UX designer and frontend developer proficient in React Angular HTML CSS JavaScript. Used Figma for wireframing prototyping. Experience with Sass Node.js REST API integration. Created accessible responsive web designs. Results driven individual. Seeking challenging opportunities.
Web Designing,UI UX designer and frontend developer proficient in React Angular HTML CSS JavaScript. Used Figma for wireframing prototyping. Experience with Sass Node.js REST API integration. Created accessible responsive web designs. Seeking challenging opportunities. Strong communication teamwork skills.
Web Designing,Frontend web designer skilled in HTML CSS JavaScript React Bootstrap. Created responsive UI/UX designs using Figma Adobe XD. Experience with animations CSS transitions. Built interactive web applications with modern JavaScript frameworks. Certified professional. Proven track record of success.
Web Designing,UI UX designer and frontend developer proficient in React Angular HTML CSS JavaScript. Used Figma for wireframing prototyping. Experience with Sass Node.js REST API integration. Created accessible responsive web designs. Seeking challenging opportunities. Certified professional.
Web Designing,UI UX designer and frontend developer proficient in React Angular HTML CSS JavaScript. Used Figma for wireframing prototyping. Experience with Sass Node.js REST API integration. Created accessible responsive web designs. Bachelor degree in related field. Seeking challenging opportunities.
Web Designing,UI UX designer and frontend developer proficient in React Angular HTML CSS JavaScript. Used Figma for wireframing prototyping. Experience with Sass Node.js REST API integration. Created accessible responsive web designs. Results driven individual. Seeking challenging opportunities.
Web Designing,Frontend web designer skilled in HTML CSS JavaScript React Bootstrap. Created responsive UI/UX designs using Figma Adobe XD. Experience with animations CSS transitions. Built interactive web applications with modern JavaScript frameworks. Results driven individual. 5 years industry experience.
Web Designing,Web designer with expertise in HTML CSS JavaScript Bootstrap React. Used Adobe Photoshop Illustrator for graphics. Experience with Figma for UI design user experience research. Built mobile-first responsive websites. 5 years industry experience. Strong communication teamwork skills.
Web Designing,UI UX designer and frontend developer proficient in React Angular HTML CSS JavaScript. Used Figma for wireframing prototyping. Experience with Sass Node.js REST API integration. Created accessible responsive web designs. 5 years industry experience. Detail oriented problem solver.
Web Designing,Frontend web designer skilled in HTML CSS JavaScript React Bootstrap. Created responsive UI/UX designs using Figma Adobe XD. Experience with animations CSS transitions. Built interactive web applications with modern JavaScript frameworks. Detail oriented problem solver. Bachelor degree in related field.
Web Designing,UI UX designer and frontend developer proficient in React Angular HTML CSS JavaScript. Used Figma for wireframing prototyping. Experience with Sass Node.js REST API integration. Created accessible responsive web designs. Detail oriented problem solver. Proven track record of success.
Web Designing,Web designer with expertise in HTML CSS JavaScript Bootstrap React. Used Adobe Photoshop Illustrator for graphics. Experience with Figma for UI design user experience research. Built mobile-first responsive websites. Detail oriented problem solver. Strong communication teamwork skills.
Web Designing,UI UX designer and frontend developer proficient in React Angular HTML CSS JavaScript. Used Figma for wireframing prototyping. Experience with Sass Node.js REST API integration. Created accessible responsive web designs. Detail oriented problem solver. Strong communication teamwork skills.
HR,HR specialist with 5 years experience in talent acquisition recruiting onboarding payroll administration. Proficient in Workday ADP HRIS systems. Managed employee relations performance management training programs. PHR certified. Certified professional. Proven track record of success.
HR,Human resources manager experienced in full cycle recruiting employee onboarding benefits administration. Used HRIS platforms for payroll processing. Led performance review cycles training development initiatives. Strong interpersonal communication skills. Bachelor degree in related field. Detail oriented problem solver.
HR,Human resources manager experienced in full cycle recruiting employee onboarding benefits administration. Used HRIS platforms for payroll processing. Led performance review cycles training development initiatives. Strong interpersonal communication skills. Seeking challenging opportunities. Results driven individual.
HR,HR specialist with 5 years experience in talent acquisition recruiting onboarding payroll administration. Proficient in Workday ADP HRIS systems. Managed employee relations performance management training programs. PHR certified. 5 years industry experience. Proven track record of success.
HR,Human resources manager experienced in full cycle recruiting employee onboarding benefits administration. Used HRIS platforms for payroll processing. Led performance review cycles training development initiatives. Strong interpersonal communication skills. 5 years industry experience. Detail oriented problem solver.
HR,Human resources manager experienced in full cycle recruiting employee onboarding benefits administration. Used HRIS platforms for payroll processing. Led performance review cycles training development initiatives. Strong interpersonal communication skills. Proven track record of success. Bachelor degree in related field.
HR,Human resources manager experienced in full cycle recruiting employee onboarding benefits administration. Used HRIS platforms for payroll processing. Led performance review cycles training development initiatives. Strong interpersonal communication skills. Certified professional. Seeking challenging opportunities.
HR,HR generalist skilled in talent acquisition compensation benefits administration compliance. Experience with ADP Workday HR systems. Managed employee relations conflict resolution. Developed training programs for new hires. Certified professional. 5 years industry experience.
HR,HR specialist with 5 years experience in talent acquisition recruiting onboarding payroll administration. Proficient in Workday ADP HRIS systems. Managed employee relations performance management training programs. PHR certified. Seeking challenging opportunities. Strong communication teamwork skills.
HR,HR generalist skilled in talent acquisition compensation benefits administration compliance. Experience with ADP Workday HR systems. Managed employee relations conflict resolution. Developed training programs for new hires. Detail oriented problem solver. 5 years industry experience.
HR,Human resources manager experienced in full cycle recruiting employee onboarding benefits administration. Used HRIS platforms for payroll processing. Led performance review cycles training development initiatives. Strong interpersonal communication skills. Detail oriented problem solver. 5 years industry experience.
HR,HR specialist with 5 years experience in talent acquisition recruiting onboarding payroll administration. Proficient in Workday ADP HRIS systems. Managed employee relations performance management training programs. PHR certified. Strong communication teamwork skills. Certified professional.
HR,HR generalist skilled in talent acquisition compensation benefits administration compliance. Experience with ADP Workday HR systems. Managed employee relations conflict resolution. Developed training programs for new hires. Results driven individual. Seeking challenging opportunities.
HR,HR generalist skilled in talent acquisition compensation benefits administration compliance. Experience with ADP Workday HR systems. Managed employee relations conflict resolution. Developed training programs for new hires. Results driven individual. Detail oriented problem solver.
HR,HR specialist with 5 years experience in talent acquisition recruiting onboarding payroll administration. Proficient in Workday ADP HRIS systems. Managed employee relations performance management training programs. PHR certified. Strong communication teamwork skills. Detail oriented problem solver.
HR,HR specialist with 5 years experience in talent acquisition recruiting onboarding payroll administration. Proficient in Workday ADP HRIS systems. Managed employee relations performance management training programs. PHR certified. Bachelor degree in related field. Strong communication teamwork skills.
HR,HR specialist with 5 years experience in talent acquisition recruiting onboarding payroll administration. Proficient in Workday ADP HRIS systems. Managed employee relations performance management training programs. PHR certified. Proven track record of success. Results driven individual.
HR,HR specialist with 5 years experience in talent acquisition recruiting onboarding payroll administration. Proficient in Workday ADP HRIS systems. Managed employee relations performance management training programs. PHR certified. Detail oriented problem solver. Proven track record of success.
HR,Human resources manager experienced in full cycle recruiting employee onboarding benefits administration. Used HRIS platforms for payroll processing. Led performance review cycles training development initiatives. Strong interpersonal communication skills. Seeking challenging opportunities. Bachelor degree in related field.
HR,Human resources manager experienced in full cycle recruiting employee onboarding benefits administration. Used HRIS platforms for payroll processing. Led performance review cycles training development initiatives. Strong interpersonal communication skills. Results driven individual. Seeking challenging opportunities.
HR,HR specialist with 5 years experience in talent acquisition recruiting onboarding payroll administration. Proficient in Workday ADP HRIS systems. Managed employee relations performance management training programs. PHR certified. Results driven individual. Seeking challenging opportunities.
HR,Human resources manager experienced in full cycle recruiting employee onboarding benefits administration. Used HRIS platforms for payroll processing. Led performance review cycles training development initiatives. Strong interpersonal communication skills. Seeking challenging opportunities. Bachelor degree in related field.
HR,HR generalist skilled in talent acquisition compensation benefits administration compliance. Experience with ADP Workday HR systems. Managed employee relations conflict resolution. Developed training programs for new hires. 5 years industry experience. Results driven individual.
HR,Human resources manager experienced in full cycle recruiting employee onboarding benefits administration. Used HRIS platforms for payroll processing. Led performance review cycles training development initiatives. Strong interpersonal communication skills. Results driven individual. Proven track record of success.
HR,HR specialist with 5 years experience in talent acquisition recruiting onboarding payroll administration. Proficient in Workday ADP HRIS systems. Managed employee relations performance management training programs. PHR certified. Results driven individual. 5 years industry experience.
HR,Human resources manager experienced in full cycle recruiting employee onboarding benefits administration. Used HRIS platforms for payroll processing. Led performance review cycles training development initiatives. Strong interpersonal communication skills. Certified professional. Strong communication teamwork skills.
HR,Human resources manager experienced in full cycle recruiting employee onboarding benefits administration. Used HRIS platforms for payroll processing. Led performance review cycles training development initiatives. Strong interpersonal communication skills. Certified professional. 5 years industry experience.
HR,HR generalist skilled in talent acquisition compensation benefits administration compliance. Experience with ADP Workday HR systems. Managed employee relations conflict resolution. Developed training programs for new hires. Detail oriented problem solver. Certified professional.
HR,Human resources manager experienced in full cycle recruiting employee onboarding benefits administration. Used HRIS platforms for payroll processing. Led performance review cycles training development initiatives. Strong interpersonal communication skills. Detail oriented problem solver. Bachelor degree in related field.
HR,Human resources manager experienced in full cycle recruiting employee onboarding benefits administration. Used HRIS platforms for payroll processing. Led performance review cycles training development initiatives. Strong interpersonal communication skills. Strong communication teamwork skills. Certified professional.
HR,HR specialist with 5 years experience in talent acquisition recruiting onboarding payroll administration. Proficient in Workday ADP HRIS systems. Managed employee relations performance management training programs. PHR certified. Bachelor degree in related field. Results driven individual.
HR,HR generalist skilled in talent acquisition compensation benefits administration compliance. Experience with ADP Workday HR systems. Managed employee relations conflict resolution. Developed training programs for new hires. Certified professional. Strong communication teamwork skills.
HR,Human resources manager experienced in full cycle recruiting employee onboarding benefits administration. Used HRIS platforms for payroll processing. Led performance review cycles training development initiatives. Strong interpersonal communication skills. Bachelor degree in related field. Results driven individual.
HR,HR generalist skilled in talent acquisition compensation benefits administration compliance. Experience with ADP Workday HR systems. Managed employee relations conflict resolution. Developed training programs for new hires. Results driven individual. Strong communication teamwork skills.
HR,HR generalist skilled in talent acquisition compensation benefits administration compliance. Experience with ADP Workday HR systems. Managed employee relations conflict resolution. Developed training programs for new hires. Certified professional. 5 years industry experience.
HR,HR specialist with 5 years experience in talent acquisition recruiting onboarding payroll administration. Proficient in Workday ADP HRIS systems. Managed employee relations performance management training programs. PHR certified. Bachelor degree in related field. Strong communication teamwork skills.
HR,HR generalist skilled in talent acquisition compensation benefits administration compliance. Experience with ADP Workday HR systems. Managed employee relations conflict resolution. Developed training programs for new hires. Certified professional. Seeking challenging opportunities.
HR,Human resources manager experienced in full cycle recruiting employee onboarding benefits administration. Used HRIS platforms for payroll processing. Led performance review cycles training development initiatives. Strong interpersonal communication skills. 5 years industry experience. Strong communication teamwork skills.
HR,Human resources manager experienced in full cycle recruiting employee onboarding benefits administration. Used HRIS platforms for payroll processing. Led performance review cycles training development initiatives. Strong interpersonal communication skills. Results driven individual. Proven track record of success.
HR,Human resources manager experienced in full cycle recruiting employee onboarding benefits administration. Used HRIS platforms for payroll processing. Led performance review cycles training development initiatives. Strong interpersonal communication skills. Strong communication teamwork skills. Seeking challenging opportunities.
Accountant,CPA with expertise in GAAP financial reporting tax preparation reconciliation. Proficient in Excel QuickBooks SAP accounting software. Experience with auditing budgeting financial analysis. Strong attention to detail organizational skills. 5 years industry experience. Bachelor degree in related field.
Accountant,Accounting professional with expertise in financial reporting budgeting forecasting. Proficient in QuickBooks Excel pivot tables. Experience with accounts payable receivable reconciliation month end close. Bachelor degree in Accounting. Proven track record of success. Seeking challenging opportunities.
Accountant,CPA with expertise in GAAP financial reporting tax preparation reconciliation. Proficient in Excel QuickBooks SAP accounting software. Experience with auditing budgeting financial analysis. Strong attention to detail organizational skills. Proven track record of success. Strong communication teamwork skills.
Accountant,CPA with expertise in GAAP financial reporting tax preparation reconciliation. Proficient in Excel QuickBooks SAP accounting software. Experience with auditing budgeting financial analysis. Strong attention to detail organizational skills. Strong communication teamwork skills. Results driven individual.
Accountant,Senior accountant experienced in general ledger accounts payable accounts receivable financial statements. Used SAP Oracle for financial management. Prepared tax returns performed internal audits. CPA licensed with strong analytical skills. Certified professional. Bachelor degree in related field.
Accountant,Senior accountant experienced in general ledger accounts payable accounts receivable financial statements. Used SAP Oracle for financial management. Prepared tax returns performed internal audits. CPA licensed with strong analytical skills. Seeking challenging opportunities. Bachelor degree in related field.
Accountant,Senior accountant experienced in general ledger accounts payable accounts receivable financial statements. Used SAP Oracle for financial management. Prepared tax returns performed internal audits. CPA licensed with strong analytical skills. Bachelor degree in related field. 5 years industry experience.
Accountant,Accounting professional with expertise in financial reporting budgeting forecasting. Proficient in QuickBooks Excel pivot tables. Experience with accounts payable receivable reconciliation month end close. Bachelor degree in Accounting. Seeking challenging opportunities. 5 years industry experience.
Accountant,Accounting professional with expertise in financial reporting budgeting forecasting. Proficient in QuickBooks Excel pivot tables. Experience with accounts payable receivable reconciliation month end close. Bachelor degree in Accounting. Certified professional. Detail oriented problem solver.
Accountant,CPA with expertise in GAAP financial reporting tax preparation reconciliation. Proficient in Excel QuickBooks SAP accounting software. Experience with auditing budgeting financial analysis. Strong attention to detail organizational skills. 5 years industry experience. Seeking challenging opportunities.
Accountant,Accounting professional with expertise in financial reporting budgeting forecasting. Proficient in QuickBooks Excel pivot tables. Experience with accounts payable receivable reconciliation month end close. Bachelor degree in Accounting. Strong communication teamwork skills. Detail oriented problem solver.
Accountant,Senior accountant experienced in general ledger accounts payable accounts receivable financial statements. Used SAP Oracle for financial management. Prepared tax returns performed internal audits. CPA licensed with strong analytical skills. Seeking challenging opportunities. Bachelor degree in related field.
Accountant,Accounting professional with expertise in financial reporting budgeting forecasting. Proficient in QuickBooks Excel pivot tables. Experience with accounts payable receivable reconciliation month end close. Bachelor degree in Accounting. Detail oriented problem solver. Results driven individual.
Accountant,CPA with expertise in GAAP financial reporting tax preparation reconciliation. Proficient in Excel QuickBooks SAP accounting software. Experience with auditing budgeting financial analysis. Strong attention to detail organizational skills. Proven track record of success. Detail oriented problem solver.
Accountant,CPA with expertise in GAAP financial reporting tax preparation reconciliation. Proficient in Excel QuickBooks SAP accounting software. Experience with auditing budgeting financial analysis. Strong attention to detail organizational skills. Detail oriented problem solver. 5 years industry experience.
Accountant,CPA with expertise in GAAP financial reporting tax preparation reconciliation. Proficient in Excel QuickBooks SAP accounting software. Experience with auditing budgeting financial analysis. Strong attention to detail organizational skills. Certified professional. 5 years industry experience.
Accountant,Senior accountant experienced in general ledger accounts payable accounts receivable financial statements. Used SAP Oracle for financial management. Prepared tax returns performed internal audits. CPA licensed with strong analytical skills. Results driven individual. Seeking challenging opportunities.
Accountant,CPA with expertise in GAAP financial reporting tax preparation reconciliation. Proficient in Excel QuickBooks SAP accounting software. Experience with auditing budgeting financial analysis. Strong attention to detail organizational skills. Detail oriented problem solver. Certified professional.
Accountant,Senior accountant experienced in general ledger accounts payable accounts receivable financial statements. Used SAP Oracle for financial management. Prepared tax returns performed internal audits. CPA licensed with strong analytical skills. Certified professional. Seeking challenging opportunities.
Accountant,CPA with expertise in GAAP financial reporting tax preparation reconciliation. Proficient in Excel QuickBooks SAP accounting software. Experience with auditing budgeting financial analysis. Strong attention to detail organizational skills. Results driven individual. Certified professional.
Accountant,Accounting professional with expertise in financial reporting budgeting forecasting. Proficient in QuickBooks Excel pivot tables. Experience with accounts payable receivable reconciliation month end close. Bachelor degree in Accounting. 5 years industry experience. Results driven individual.
Accountant,Senior accountant experienced in general ledger accounts payable accounts receivable financial statements. Used SAP Oracle for financial management. Prepared tax returns performed internal audits. CPA licensed with strong analytical skills. Certified professional. Seeking challenging opportunities.
Accountant,Accounting professional with expertise in financial reporting budgeting forecasting. Proficient in QuickBooks Excel pivot tables. Experience with accounts payable receivable reconciliation month end close. Bachelor degree in Accounting. Results driven individual. Strong communication teamwork skills.
Accountant,Accounting professional with expertise in financial reporting budgeting forecasting. Proficient in QuickBooks Excel pivot tables. Experience with accounts payable receivable reconciliation month end close. Bachelor degree in Accounting. Seeking challenging opportunities. Bachelor degree in related field.
Accountant,CPA with expertise in GAAP financial reporting tax preparation reconciliation. Proficient in Excel QuickBooks SAP accounting software. Experience with auditing budgeting financial analysis. Strong attention to detail organizational skills. Results driven individual. Strong communication teamwork skills.
Accountant,Accounting professional with expertise in financial reporting budgeting forecasting. Proficient in QuickBooks Excel pivot tables. Experience with accounts payable receivable reconciliation month end close. Bachelor degree in Accounting. Results driven individual. Seeking challenging opportunities.
Accountant,Accounting professional with expertise in financial reporting budgeting forecasting. Proficient in QuickBooks Excel pivot tables. Experience with accounts payable receivable reconciliation month end close. Bachelor degree in Accounting. Proven track record of success. Results driven individual.
Accountant,Accounting professional with expertise in financial reporting budgeting forecasting. Proficient in QuickBooks Excel pivot tables. Experience with accounts payable receivable reconciliation month end close. Bachelor degree in Accounting. Bachelor degree in related field. Proven track record of success.
Accountant,CPA with expertise in GAAP financial reporting tax preparation reconciliation. Proficient in Excel QuickBooks SAP accounting software. Experience with auditing budgeting financial analysis. Strong attention to detail organizational skills. Bachelor degree in related field. Seeking challenging opportunities.
Accountant,CPA with expertise in GAAP financial reporting tax preparation reconciliation. Proficient in Excel QuickBooks SAP accounting software. Experience with auditing budgeting financial analysis. Strong attention to detail organizational skills. Seeking challenging opportunities. Strong communication teamwork skills.
Accountant,CPA with expertise in GAAP financial reporting tax preparation reconciliation. Proficient in Excel QuickBooks SAP accounting software. Experience with auditing budgeting financial analysis. Strong attention to detail organizational skills. Seeking challenging opportunities. Certified professional.
Accountant,CPA with expertise in GAAP financial reporting tax preparation reconciliation. Proficient in Excel QuickBooks SAP accounting software. Experience with auditing budgeting financial analysis. Strong attention to detail organizational skills. Detail oriented problem solver. Certified professional.
Accountant,CPA with expertise in GAAP financial reporting tax preparation reconciliation. Proficient in Excel QuickBooks SAP accounting software. Experience with auditing budgeting financial analysis. Strong attention to detail organizational skills. Proven track record of success. Certified professional.
Accountant,Accounting professional with expertise in financial reporting budgeting forecasting. Proficient in QuickBooks Excel pivot tables. Experience with accounts payable receivable reconciliation month end close. Bachelor degree in Accounting. Results driven individual. Certified professional.
Accountant,CPA with expertise in GAAP financial reporting tax preparation reconciliation. Proficient in Excel QuickBooks SAP accounting software. Experience with auditing budgeting financial analysis. Strong attention to detail organizational skills. Strong communication teamwork skills. Seeking challenging opportunities.
Accountant,Accounting professional with expertise in financial reporting budgeting forecasting. Proficient in QuickBooks Excel pivot tables. Experience with accounts payable receivable reconciliation month end close. Bachelor degree in Accounting. Seeking challenging opportunities. Results driven individual.
Accountant,Accounting professional with expertise in financial reporting budgeting forecasting. Proficient in QuickBooks Excel pivot tables. Experience with accounts payable receivable reconciliation month end close. Bachelor degree in Accounting. Seeking challenging opportunities. Strong communication teamwork skills.
Accountant,Accounting professional with expertise in financial reporting budgeting forecasting. Proficient in QuickBooks Excel pivot tables. Experience with accounts payable receivable reconciliation month end close. Bachelor degree in Accounting. Strong communication teamwork skills. Bachelor degree in related field.
Accountant,CPA with expertise in GAAP financial reporting tax preparation reconciliation. Proficient in Excel QuickBooks SAP accounting software. Experience with auditing budgeting financial analysis. Strong attention to detail organizational skills. Certified professional. Seeking challenging opportunities.
Accountant,Senior accountant experienced in general ledger accounts payable accounts receivable financial statements. Used SAP Oracle for financial management. Prepared tax returns performed internal audits. CPA licensed with strong analytical skills. Seeking challenging opportunities. 5 years industry experience.
Sales,Sales professional skilled in lead generation prospecting cold calling. Managed accounts using Salesforce CRM. Experience in SaaS product sales enterprise negotiations. Strong communication presentation skills. Certified professional. Proven track record of success.
Sales,Sales professional skilled in lead generation prospecting cold calling. Managed accounts using Salesforce CRM. Experience in SaaS product sales enterprise negotiations. Strong communication presentation skills. Results driven individual. 5 years industry experience.
Sales,Account manager experienced in B2B B2C sales business development. Used CRM tools for pipeline tracking. Built client relationships through consultative selling approach. Exceeded quarterly sales targets by 30 percent. Detail oriented problem solver. Seeking challenging opportunities.
Sales,Account manager experienced in B2B B2C sales business development. Used CRM tools for pipeline tracking. Built client relationships through consultative selling approach. Exceeded quarterly sales targets by 30 percent. Bachelor degree in related field. Seeking challenging opportunities.
Sales,Account manager experienced in B2B B2C sales business development. Used CRM tools for pipeline tracking. Built client relationships through consultative selling approach. Exceeded quarterly sales targets by 30 percent. Strong communication teamwork skills. Certified professional.
Sales,Account manager experienced in B2B B2C sales business development. Used CRM tools for pipeline tracking. Built client relationships through consultative selling approach. Exceeded quarterly sales targets by 30 percent. Strong communication teamwork skills. 5 years industry experience.
Sales,Account manager experienced in B2B B2C sales business development. Used CRM tools for pipeline tracking. Built client relationships through consultative selling approach. Exceeded quarterly sales targets by 30 percent. Strong communication teamwork skills. Detail oriented problem solver.
Sales,Sales representative with 4 years B2B sales experience. Proficient in Salesforce CRM pipeline management. Consistently exceeded revenue targets through cold calling lead generation. Strong negotiation client relationship management skills. Detail oriented problem solver. Seeking challenging opportunities.
Sales,Sales professional skilled in lead generation prospecting cold calling. Managed accounts using Salesforce CRM. Experience in SaaS product sales enterprise negotiations. Strong communication presentation skills. Results driven individual. Proven track record of success.
Sales,Sales professional skilled in lead generation prospecting cold calling. Managed accounts using Salesforce CRM. Experience in SaaS product sales enterprise negotiations. Strong communication presentation skills. Proven track record of success. Strong communication teamwork skills.
Sales,Sales professional skilled in lead generation prospecting cold calling. Managed accounts using Salesforce CRM. Experience in SaaS product sales enterprise negotiations. Strong communication presentation skills. Strong communication teamwork skills. Proven track record of success.
Sales,Sales representative with 4 years B2B sales experience. Proficient in Salesforce CRM pipeline management. Consistently exceeded revenue targets through cold calling lead generation. Strong negotiation client relationship management skills. Bachelor degree in related field. Results driven individual.
Sales,Sales representative with 4 years B2B sales experience. Proficient in Salesforce CRM pipeline management. Consistently exceeded revenue targets through cold calling lead generation. Strong negotiation client relationship management skills. Bachelor degree in related field. Strong communication teamwork skills.
Sales,Account manager experienced in B2B B2C sales business development. Used CRM tools for pipeline tracking. Built client relationships through consultative selling approach. Exceeded quarterly sales targets by 30 percent. Certified professional. Strong communication teamwork skills.
Sales,Sales professional skilled in lead generation prospecting cold calling. Managed accounts using Salesforce CRM. Experience in SaaS product sales enterprise negotiations. Strong communication presentation skills. Detail oriented problem solver. 5 years industry experience.
Sales,Sales professional skilled in lead generation prospecting cold calling. Managed accounts using Salesforce CRM. Experience in SaaS product sales enterprise negotiations. Strong communication presentation skills. Strong communication teamwork skills. Results driven individual.
Sales,Account manager experienced in B2B B2C sales business development. Used CRM tools for pipeline tracking. Built client relationships through consultative selling approach. Exceeded quarterly sales targets by 30 percent. Detail oriented problem solver. Bachelor degree in related field.
Sales,Sales representative with 4 years B2B sales experience. Proficient in Salesforce CRM pipeline management. Consistently exceeded revenue targets through cold calling lead generation. Strong negotiation client relationship management skills. 5 years industry experience. Seeking challenging opportunities.
Sales,Sales representative with 4 years B2B sales experience. Proficient in Salesforce CRM pipeline management. Consistently exceeded revenue targets through cold calling lead generation. Strong negotiation client relationship management skills. Certified professional. Strong communication teamwork skills.
Sales,Account manager experienced in B2B B2C sales business development. Used CRM tools for pipeline tracking. Built client relationships through consultative selling approach. Exceeded quarterly sales targets by 30 percent. Bachelor degree in related field. Certified professional.
Sales,Account manager experienced in B2B B2C sales business development. Used CRM tools for pipeline tracking. Built client relationships through consultative selling approach. Exceeded quarterly sales targets by 30 percent. Proven track record of success. Certified professional.
Sales,Account manager experienced in B2B B2C sales business development. Used CRM tools for pipeline tracking. Built client relationships through consultative selling approach. Exceeded quarterly sales targets by 30 percent. Bachelor degree in related field. Detail oriented problem solver.
Sales,Account manager experienced in B2B B2C sales business development. Used CRM tools for pipeline tracking. Built client relationships through consultative selling approach. Exceeded quarterly sales targets by 30 percent. Results driven individual. Seeking challenging opportunities.
Sales,Sales representative with 4 years B2B sales experience. Proficient in Salesforce CRM pipeline management. Consistently exceeded revenue targets through cold calling lead generation. Strong negotiation client relationship management skills. Results driven individual. 5 years industry experience.
Sales,Account manager experienced in B2B B2C sales business development. Used CRM tools for pipeline tracking. Built client relationships through consultative selling approach. Exceeded quarterly sales targets by 30 percent. Detail oriented problem solver. Certified professional.
Sales,Sales professional skilled in lead generation prospecting cold calling. Managed accounts using Salesforce CRM. Experience in SaaS product sales enterprise negotiations. Strong communication presentation skills. Certified professional. Results driven individual.
Sales,Sales representative with 4 years B2B sales experience. Proficient in Salesforce CRM pipeline management. Consistently exceeded revenue targets through cold calling lead generation. Strong negotiation client relationship management skills. Bachelor degree in related field. 5 years industry experience.
Sales,Sales professional skilled in lead generation prospecting cold calling. Managed accounts using Salesforce CRM. Experience in SaaS product sales enterprise negotiations. Strong communication presentation skills. Certified professional. Detail oriented problem solver.
Sales,Sales representative with 4 years B2B sales experience. Proficient in Salesforce CRM pipeline management. Consistently exceeded revenue targets through cold calling lead generation. Strong negotiation client relationship management skills. 5 years industry experience. Strong communication teamwork skills.
Sales,Sales professional skilled in lead generation prospecting cold calling. Managed accounts using Salesforce CRM. Experience in SaaS product sales enterprise negotiations. Strong communication presentation skills. Certified professional. 5 years industry experience.
Sales,Sales representative with 4 years B2B sales experience. Proficient in Salesforce CRM pipeline management. Consistently exceeded revenue targets through cold calling lead generation. Strong negotiation client relationship management skills. Results driven individual. Strong communication teamwork skills.
Sales,Account manager experienced in B2B B2C sales business development. Used CRM tools for pipeline tracking. Built client relationships through consultative selling approach. Exceeded quarterly sales targets by 30 percent. Certified professional. 5 years industry experience.
Sales,Sales representative with 4 years B2B sales experience. Proficient in Salesforce CRM pipeline management. Consistently exceeded revenue targets through cold calling lead generation. Strong negotiation client relationship management skills. Bachelor degree in related field. Results driven individual.
Sales,Sales representative with 4 years B2B sales experience. Proficient in Salesforce CRM pipeline management. Consistently exceeded revenue targets through cold calling lead generation. Strong negotiation client relationship management skills. 5 years industry experience. Detail oriented problem solver.
Sales,Sales representative with 4 years B2B sales experience. Proficient in Salesforce CRM pipeline management. Consistently exceeded revenue targets through cold calling lead generation. Strong negotiation client relationship management skills. Certified professional. Proven track record of success.
Sales,Account manager experienced in B2B B2C sales business development. Used CRM tools for pipeline tracking. Built client relationships through consultative selling approach. Exceeded quarterly sales targets by 30 percent. Proven track record of success. Detail oriented problem solver.
Sales,Account manager experienced in B2B B2C sales business development. Used CRM tools for pipeline tracking. Built client relationships through consultative selling approach. Exceeded quarterly sales targets by 30 percent. Seeking challenging opportunities. 5 years industry experience.
Sales,Sales professional skilled in lead generation prospecting cold calling. Managed accounts using Salesforce CRM. Experience in SaaS product sales enterprise negotiations. Strong communication presentation skills. Seeking challenging opportunities. Detail oriented problem solver.
Sales,Sales professional skilled in lead generation prospecting cold calling. Managed accounts using Salesforce CRM. Experience in SaaS product sales enterprise negotiations. Strong communication presentation skills. Strong communication teamwork skills. 5 years industry experience.
Sales,Account manager experienced in B2B B2C sales business development. Used CRM tools for pipeline tracking. Built client relationships through consultative selling approach. Exceeded quarterly sales targets by 30 percent. Certified professional. Seeking challenging opportunities.
Testing,QA engineer experienced in Selenium automation testing Java TestNG JUnit. Performed regression testing performance testing API testing. Used JIRA for defect tracking bug reporting. Experience with Agile Scrum development cycles. Proven track record of success. Bachelor degree in related field.
Testing,QA engineer experienced in Selenium automation testing Java TestNG JUnit. Performed regression testing performance testing API testing. Used JIRA for defect tracking bug reporting. Experience with Agile Scrum development cycles. Proven track record of success. Certified professional.
Testing,Software tester skilled in manual and automated testing using Selenium Python. Created test cases test plans for web and mobile applications. Experience with load testing JMeter API testing Postman. Strong attention to detail. Bachelor degree in related field. Strong communication teamwork skills.
Testing,QA engineer experienced in Selenium automation testing Java TestNG JUnit. Performed regression testing performance testing API testing. Used JIRA for defect tracking bug reporting. Experience with Agile Scrum development cycles. 5 years industry experience. Results driven individual.
Testing,QA automation engineer proficient in Selenium WebDriver TestNG Java. Developed automated test frameworks for regression testing. Used JIRA Confluence for project management. Experience with CI/CD Jenkins integration testing. Bachelor degree in related field. 5 years industry experience.
Testing,QA automation engineer proficient in Selenium WebDriver TestNG Java. Developed automated test frameworks for regression testing. Used JIRA Confluence for project management. Experience with CI/CD Jenkins integration testing. Detail oriented problem solver. 5 years industry experience.
Testing,Software tester skilled in manual and automated testing using Selenium Python. Created test cases test plans for web and mobile applications. Experience with load testing JMeter API testing Postman. Strong attention to detail. Proven track record of success. Certified professional.
Testing,Software tester skilled in manual and automated testing using Selenium Python. Created test cases test plans for web and mobile applications. Experience with load testing JMeter API testing Postman. Strong attention to detail. Results driven individual. Proven track record of success.
Testing,Software tester skilled in manual and automated testing using Selenium Python. Created test cases test plans for web and mobile applications. Experience with load testing JMeter API testing Postman. Strong attention to detail. Results driven individual. 5 years industry experience.
Testing,Software tester skilled in manual and automated testing using Selenium Python. Created test cases test plans for web and mobile applications. Experience with load testing JMeter API testing Postman. Strong attention to detail. Strong communication teamwork skills. Seeking challenging opportunities.
Testing,Software tester skilled in manual and automated testing using Selenium Python. Created test cases test plans for web and mobile applications. Experience with load testing JMeter API testing Postman. Strong attention to detail. Strong communication teamwork skills. Detail oriented problem solver.
Testing,QA automation engineer proficient in Selenium WebDriver TestNG Java. Developed automated test frameworks for regression testing. Used JIRA Confluence for project management. Experience with CI/CD Jenkins integration testing. Detail oriented problem solver. Proven track record of success.
Testing,Software tester skilled in manual and automated testing using Selenium Python. Created test cases test plans for web and mobile applications. Experience with load testing JMeter API testing Postman. Strong attention to detail. 5 years industry experience. Strong communication teamwork skills.
Testing,Software tester skilled in manual and automated testing using Selenium Python. Created test cases test plans for web and mobile applications. Experience with load testing JMeter API testing Postman. Strong attention to detail. Detail oriented problem solver. Certified professional.
Testing,QA engineer experienced in Selenium automation testing Java TestNG JUnit. Performed regression testing performance testing API testing. Used JIRA for defect tracking bug reporting. Experience with Agile Scrum development cycles. Bachelor degree in related field. Detail oriented problem solver.
Testing,Software tester skilled in manual and automated testing using Selenium Python. Created test cases test plans for web and mobile applications. Experience with load testing JMeter API testing Postman. Strong attention to detail. Proven track record of success. Seeking challenging opportunities.
Testing,QA engineer experienced in Selenium automation testing Java TestNG JUnit. Performed regression testing performance testing API testing. Used JIRA for defect tracking bug reporting. Experience with Agile Scrum development cycles. Detail oriented problem solver. Bachelor degree in related field.
Testing,QA automation engineer proficient in Selenium WebDriver TestNG Java. Developed automated test frameworks for regression testing. Used JIRA Confluence for project management. Experience with CI/CD Jenkins integration testing. Bachelor degree in related field. Strong communication teamwork skills.
Testing,Software tester skilled in manual and automated testing using Selenium Python. Created test cases test plans for web and mobile applications. Experience with load testing JMeter API testing Postman. Strong attention to detail. Strong communication teamwork skills. Proven track record of success.
Testing,Software tester skilled in manual and automated testing using Selenium Python. Created test cases test plans for web and mobile applications. Experience with load testing JMeter API testing Postman. Strong attention to detail. Bachelor degree in related field. Strong communication teamwork skills.
Testing,QA automation engineer proficient in Selenium WebDriver TestNG Java. Developed automated test frameworks for regression testing. Used JIRA Confluence for project management. Experience with CI/CD Jenkins integration testing. Proven track record of success. Certified professional.
Testing,Software tester skilled in manual and automated testing using Selenium Python. Created test cases test plans for web and mobile applications. Experience with load testing JMeter API testing Postman. Strong attention to detail. Certified professional. Detail oriented problem solver.
Testing,QA automation engineer proficient in Selenium WebDriver TestNG Java. Developed automated test frameworks for regression testing. Used JIRA Confluence for project management. Experience with CI/CD Jenkins integration testing. Proven track record of success. Strong communication teamwork skills.
Testing,QA engineer experienced in Selenium automation testing Java TestNG JUnit. Performed regression testing performance testing API testing. Used JIRA for defect tracking bug reporting. Experience with Agile Scrum development cycles. Proven track record of success. Seeking challenging opportunities.
Testing,Software tester skilled in manual and automated testing using Selenium Python. Created test cases test plans for web and mobile applications. Experience with load testing JMeter API testing Postman. Strong attention to detail. Detail oriented problem solver. Seeking challenging opportunities.
Testing,QA automation engineer proficient in Selenium WebDriver TestNG Java. Developed automated test frameworks for regression testing. Used JIRA Confluence for project management. Experience with CI/CD Jenkins integration testing. Results driven individual. Proven track record of success.
Testing,QA automation engineer proficient in Selenium WebDriver TestNG Java. Developed automated test frameworks for regression testing. Used JIRA Confluence for project management. Experience with CI/CD Jenkins integration testing. Certified professional. Detail oriented problem solver.
Testing,Software tester skilled in manual and automated testing using Selenium Python. Created test cases test plans for web and mobile applications. Experience with load testing JMeter API testing Postman. Strong attention to detail. Bachelor degree in related field. Detail oriented problem solver.
Testing,QA engineer experienced in Selenium automation testing Java TestNG JUnit. Performed regression testing performance testing API testing. Used JIRA for defect tracking bug reporting. Experience with Agile Scrum development cycles. Results driven individual. Certified professional.
Testing,Software tester skilled in manual and automated testing using Selenium Python. Created test cases test plans for web and mobile applications. Experience with load testing JMeter API testing Postman. Strong attention to detail. Seeking challenging opportunities. Strong communication teamwork skills.
Testing,Software tester skilled in manual and automated testing using Selenium Python. Created test cases test plans for web and mobile applications. Experience with load testing JMeter API testing Postman. Strong attention to detail. 5 years industry experience. Strong communication teamwork skills.
Testing,Software tester skilled in manual and automated testing using Selenium Python. Created test cases test plans for web and mobile applications. Experience with load testing JMeter API testing Postman. Strong attention to detail. Strong communication teamwork skills. 5 years industry experience.
Testing,QA engineer experienced in Selenium automation testing Java TestNG JUnit. Performed regression testing performance testing API testing. Used JIRA for defect tracking bug reporting. Experience with Agile Scrum development cycles. Bachelor degree in related field. Certified professional.
Testing,Software tester skilled in manual and automated testing using Selenium Python. Created test cases test plans for web and mobile applications. Experience with load testing JMeter API testing Postman. Strong attention to detail. Results driven individual. 5 years industry experience.
Testing,QA automation engineer proficient in Selenium WebDriver TestNG Java. Developed automated test frameworks for regression testing. Used JIRA Confluence for project management. Experience with CI/CD Jenkins integration testing. Detail oriented problem solver. Results driven individual.
Testing,QA automation engineer proficient in Selenium WebDriver TestNG Java. Developed automated test frameworks for regression testing. Used JIRA Confluence for project management. Experience with CI/CD Jenkins integration testing. Strong communication teamwork skills. Results driven individual.
Testing,QA automation engineer proficient in Selenium WebDriver TestNG Java. Developed automated test frameworks for regression testing. Used JIRA Confluence for project management. Experience with CI/CD Jenkins integration testing. Bachelor degree in related field. Seeking challenging opportunities.
Testing,QA engineer experienced in Selenium automation testing Java TestNG JUnit. Performed regression testing performance testing API testing. Used JIRA for defect tracking bug reporting. Experience with Agile Scrum development cycles. Bachelor degree in related field. Results driven individual.
Testing,QA automation engineer proficient in Selenium WebDriver TestNG Java. Developed automated test frameworks for regression testing. Used JIRA Confluence for project management. Experience with CI/CD Jenkins integration testing. Detail oriented problem solver. Certified professional.
Testing,Software tester skilled in manual and automated testing using Selenium Python. Created test cases test plans for web and mobile applications. Experience with load testing JMeter API testing Postman. Strong attention to detail. Bachelor degree in related field. Certified professional.
DevOps Engineer,Cloud DevOps professional skilled in AWS GCP Docker Kubernetes. Built and maintained CI/CD pipelines using Jenkins GitLab. Experience with infrastructure automation monitoring alerting. Proficient in Linux scripting. Detail oriented problem solver. Strong communication teamwork skills.
DevOps Engineer,DevOps engineer with expertise in AWS Docker Kubernetes Jenkins CI/CD pipelines. Implemented infrastructure as code using Terraform Ansible. Experience with Linux bash scripting monitoring Prometheus Grafana. Strong automation skills. Results driven individual. Seeking challenging opportunities.
DevOps Engineer,Site reliability engineer experienced in Kubernetes Docker AWS Azure. Implemented monitoring using Prometheus Grafana ELK stack. Built deployment pipelines Terraform infrastructure automation. Strong Linux systems administration. 5 years industry experience. Certified professional.
DevOps Engineer,Site reliability engineer experienced in Kubernetes Docker AWS Azure. Implemented monitoring using Prometheus Grafana ELK stack. Built deployment pipelines Terraform infrastructure automation. Strong Linux systems administration. Strong communication teamwork skills. Results driven individual.
DevOps Engineer,Site reliability engineer experienced in Kubernetes Docker AWS Azure. Implemented monitoring using Prometheus Grafana ELK stack. Built deployment pipelines Terraform infrastructure automation. Strong Linux systems administration. Seeking challenging opportunities. Proven track record of success.
DevOps Engineer,Cloud DevOps professional skilled in AWS GCP Docker Kubernetes. Built and maintained CI/CD pipelines using Jenkins GitLab. Experience with infrastructure automation monitoring alerting. Proficient in Linux scripting. Seeking challenging opportunities. Results driven individual.
DevOps Engineer,DevOps engineer with expertise in AWS Docker Kubernetes Jenkins CI/CD pipelines. Implemented infrastructure as code using Terraform Ansible. Experience with Linux bash scripting monitoring Prometheus Grafana. Strong automation skills. Strong communication teamwork skills. Results driven individual.
DevOps Engineer,Cloud DevOps professional skilled in AWS GCP Docker Kubernetes. Built and maintained CI/CD pipelines using Jenkins GitLab. Experience with infrastructure automation monitoring alerting. Proficient in Linux scripting. Detail oriented problem solver. Certified professional.
DevOps Engineer,Site reliability engineer experienced in Kubernetes Docker AWS Azure. Implemented monitoring using Prometheus Grafana ELK stack. Built deployment pipelines Terraform infrastructure automation. Strong Linux systems administration. Proven track record of success. Detail oriented problem solver.
DevOps Engineer,DevOps engineer with expertise in AWS Docker Kubernetes Jenkins CI/CD pipelines. Implemented infrastructure as code using Terraform Ansible. Experience with Linux bash scripting monitoring Prometheus Grafana. Strong automation skills. Certified professional. Proven track record of success.
DevOps Engineer,Site reliability engineer experienced in Kubernetes Docker AWS Azure. Implemented monitoring using Prometheus Grafana ELK stack. Built deployment pipelines Terraform infrastructure automation. Strong Linux systems administration. Seeking challenging opportunities. Strong communication teamwork skills.
DevOps Engineer,Site reliability engineer experienced in Kubernetes Docker AWS Azure. Implemented monitoring using Prometheus Grafana ELK stack. Built deployment pipelines Terraform infrastructure automation. Strong Linux systems administration. Bachelor degree in related field. Strong communication teamwork skills.
DevOps Engineer,Cloud DevOps professional skilled in AWS GCP Docker Kubernetes. Built and maintained CI/CD pipelines using Jenkins GitLab. Experience with infrastructure automation monitoring alerting. Proficient in Linux scripting. Bachelor degree in related field. Certified professional.
DevOps Engineer,DevOps engineer with expertise in AWS Docker Kubernetes Jenkins CI/CD pipelines. Implemented infrastructure as code using Terraform Ansible. Experience with Linux bash scripting monitoring Prometheus Grafana. Strong automation skills. Detail oriented problem solver. Certified professional.
DevOps Engineer,DevOps engineer with expertise in AWS Docker Kubernetes Jenkins CI/CD pipelines. Implemented infrastructure as code using Terraform Ansible. Experience with Linux bash scripting monitoring Prometheus Grafana. Strong automation skills. Strong communication teamwork skills. 5 years industry experience.
DevOps Engineer,Site reliability engineer experienced in Kubernetes Docker AWS Azure. Implemented monitoring using Prometheus Grafana ELK stack. Built deployment pipelines Terraform infrastructure automation. Strong Linux systems administration. Results driven individual. Bachelor degree in related field.
DevOps Engineer,Cloud DevOps professional skilled in AWS GCP Docker Kubernetes. Built and maintained CI/CD pipelines using Jenkins GitLab. Experience with infrastructure automation monitoring alerting. Proficient in Linux scripting. Strong communication teamwork skills. Bachelor degree in related field.
DevOps Engineer,Site reliability engineer experienced in Kubernetes Docker AWS Azure. Implemented monitoring using Prometheus Grafana ELK stack. Built deployment pipelines Terraform infrastructure automation. Strong Linux systems administration. Proven track record of success. Bachelor degree in related field.
DevOps Engineer,Cloud DevOps professional skilled in AWS GCP Docker Kubernetes. Built and maintained CI/CD pipelines using Jenkins GitLab. Experience with infrastructure automation monitoring alerting. Proficient in Linux scripting. Certified professional. 5 years industry experience.
DevOps Engineer,DevOps engineer with expertise in AWS Docker Kubernetes Jenkins CI/CD pipelines. Implemented infrastructure as code using Terraform Ansible. Experience with Linux bash scripting monitoring Prometheus Grafana. Strong automation skills. Strong communication teamwork skills. Proven track record of success.
DevOps Engineer,Site reliability engineer experienced in Kubernetes Docker AWS Azure. Implemented monitoring using Prometheus Grafana ELK stack. Built deployment pipelines Terraform infrastructure automation. Strong Linux systems administration. Bachelor degree in related field. Seeking challenging opportunities.
DevOps Engineer,Cloud DevOps professional skilled in AWS GCP Docker Kubernetes. Built and maintained CI/CD pipelines using Jenkins GitLab. Experience with infrastructure automation monitoring alerting. Proficient in Linux scripting. Certified professional. Strong communication teamwork skills.
DevOps Engineer,Site reliability engineer experienced in Kubernetes Docker AWS Azure. Implemented monitoring using Prometheus Grafana ELK stack. Built deployment pipelines Terraform infrastructure automation. Strong Linux systems administration. Strong communication teamwork skills. Results driven individual.
DevOps Engineer,Site reliability engineer experienced in Kubernetes Docker AWS Azure. Implemented monitoring using Prometheus Grafana ELK stack. Built deployment pipelines Terraform infrastructure automation. Strong Linux systems administration. Certified professional. Seeking challenging opportunities.
DevOps Engineer,Site reliability engineer experienced in Kubernetes Docker AWS Azure. Implemented monitoring using Prometheus Grafana ELK stack. Built deployment pipelines Terraform infrastructure automation. Strong Linux systems administration. Proven track record of success. Bachelor degree in related field.
DevOps Engineer,DevOps engineer with expertise in AWS Docker Kubernetes Jenkins CI/CD pipelines. Implemented infrastructure as code using Terraform Ansible. Experience with Linux bash scripting monitoring Prometheus Grafana. Strong automation skills. Certified professional. 5 years industry experience.
DevOps Engineer,Cloud DevOps professional skilled in AWS GCP Docker Kubernetes. Built and maintained CI/CD pipelines using Jenkins GitLab. Experience with infrastructure automation monitoring alerting. Proficient in Linux scripting. Proven track record of success. Seeking challenging opportunities.
DevOps Engineer,DevOps engineer with expertise in AWS Docker Kubernetes Jenkins CI/CD pipelines. Implemented infrastructure as code using Terraform Ansible. Experience with Linux bash scripting monitoring Prometheus Grafana. Strong automation skills. Strong communication teamwork skills. Bachelor degree in related field.
DevOps Engineer,Cloud DevOps professional skilled in AWS GCP Docker Kubernetes. Built and maintained CI/CD pipelines using Jenkins GitLab. Experience with infrastructure automation monitoring alerting. Proficient in Linux scripting. 5 years industry experience. Strong communication teamwork skills.
DevOps Engineer,Site reliability engineer experienced in Kubernetes Docker AWS Azure. Implemented monitoring using Prometheus Grafana ELK stack. Built deployment pipelines Terraform infrastructure automation. Strong Linux systems administration. Proven track record of success. Bachelor degree in related field.
DevOps Engineer,Cloud DevOps professional skilled in AWS GCP Docker Kubernetes. Built and maintained CI/CD pipelines using Jenkins GitLab. Experience with infrastructure automation monitoring alerting. Proficient in Linux scripting. Bachelor degree in related field. Seeking challenging opportunities.
DevOps Engineer,Cloud DevOps professional skilled in AWS GCP Docker Kubernetes. Built and maintained CI/CD pipelines using Jenkins GitLab. Experience with infrastructure automation monitoring alerting. Proficient in Linux scripting. Certified professional. Strong communication teamwork skills.
DevOps Engineer,Cloud DevOps professional skilled in AWS GCP Docker Kubernetes. Built and maintained CI/CD pipelines using Jenkins GitLab. Experience with infrastructure automation monitoring alerting. Proficient in Linux scripting. Certified professional. Bachelor degree in related field.
DevOps Engineer,DevOps engineer with expertise in AWS Docker Kubernetes Jenkins CI/CD pipelines. Implemented infrastructure as code using Terraform Ansible. Experience with Linux bash scripting monitoring Prometheus Grafana. Strong automation skills. 5 years industry experience. Seeking challenging opportunities.
DevOps Engineer,Site reliability engineer experienced in Kubernetes Docker AWS Azure. Implemented monitoring using Prometheus Grafana ELK stack. Built deployment pipelines Terraform infrastructure automation. Strong Linux systems administration. Proven track record of success. Certified professional.
DevOps Engineer,Cloud DevOps professional skilled in AWS GCP Docker Kubernetes. Built and maintained CI/CD pipelines using Jenkins GitLab. Experience with infrastructure automation monitoring alerting. Proficient in Linux scripting. Certified professional. Seeking challenging opportunities.
DevOps Engineer,DevOps engineer with expertise in AWS Docker Kubernetes Jenkins CI/CD pipelines. Implemented infrastructure as code using Terraform Ansible. Experience with Linux bash scripting monitoring Prometheus Grafana. Strong automation skills. Proven track record of success. Strong communication teamwork skills.
DevOps Engineer,Site reliability engineer experienced in Kubernetes Docker AWS Azure. Implemented monitoring using Prometheus Grafana ELK stack. Built deployment pipelines Terraform infrastructure automation. Strong Linux systems administration. Seeking challenging opportunities. Bachelor degree in related field.
DevOps Engineer,DevOps engineer with expertise in AWS Docker Kubernetes Jenkins CI/CD pipelines. Implemented infrastructure as code using Terraform Ansible. Experience with Linux bash scripting monitoring Prometheus Grafana. Strong automation skills. Detail oriented problem solver. 5 years industry experience.
DevOps Engineer,Cloud DevOps professional skilled in AWS GCP Docker Kubernetes. Built and maintained CI/CD pipelines using Jenkins GitLab. Experience with infrastructure automation monitoring alerting. Proficient in Linux scripting. 5 years industry experience. Results driven individual.
Network Security Engineer,Cybersecurity professional skilled in network security firewall VPN SSL TLS encryption. Performed vulnerability assessments penetration testing incident response. Experience with SIEM tools log analysis threat detection. Proven track record of success. Seeking challenging opportunities.
Network Security Engineer,Cybersecurity professional skilled in network security firewall VPN SSL TLS encryption. Performed vulnerability assessments penetration testing incident response. Experience with SIEM tools log analysis threat detection. Results driven individual. Proven track record of success.
Network Security Engineer,Network security engineer with expertise in firewall configuration VPN intrusion detection systems. Proficient in Cisco router switch configuration TCP IP networking. Experience with penetration testing vulnerability assessment security audits. Bachelor degree in related field. Certified professional.
Network Security Engineer,Cybersecurity professional skilled in network security firewall VPN SSL TLS encryption. Performed vulnerability assessments penetration testing incident response. Experience with SIEM tools log analysis threat detection. 5 years industry experience. Results driven individual.
Network Security Engineer,Network security engineer with expertise in firewall configuration VPN intrusion detection systems. Proficient in Cisco router switch configuration TCP IP networking. Experience with penetration testing vulnerability assessment security audits. Strong communication teamwork skills. Proven track record of success.
Network Security Engineer,Network security engineer with expertise in firewall configuration VPN intrusion detection systems. Proficient in Cisco router switch configuration TCP IP networking. Experience with penetration testing vulnerability assessment security audits. Certified professional. Proven track record of success.
Network Security Engineer,Network security engineer with expertise in firewall configuration VPN intrusion detection systems. Proficient in Cisco router switch configuration TCP IP networking. Experience with penetration testing vulnerability assessment security audits. Proven track record of success. Results driven individual.
Network Security Engineer,Information security engineer experienced in network security firewall management IDS IPS. Conducted security audits risk assessments. Proficient in Cisco networking TCP IP protocols. Strong knowledge of encryption standards. Detail oriented problem solver. 5 years industry experience.
Network Security Engineer,Network security engineer with expertise in firewall configuration VPN intrusion detection systems. Proficient in Cisco router switch configuration TCP IP networking. Experience with penetration testing vulnerability assessment security audits. 5 years industry experience. Detail oriented problem solver.
Network Security Engineer,Network security engineer with expertise in firewall configuration VPN intrusion detection systems. Proficient in Cisco router switch configuration TCP IP networking. Experience with penetration testing vulnerability assessment security audits. Bachelor degree in related field. 5 years industry experience.
Network Security Engineer,Cybersecurity professional skilled in network security firewall VPN SSL TLS encryption. Performed vulnerability assessments penetration testing incident response. Experience with SIEM tools log analysis threat detection. Proven track record of success. Results driven individual.
Network Security Engineer,Information security engineer experienced in network security firewall management IDS IPS. Conducted security audits risk assessments. Proficient in Cisco networking TCP IP protocols. Strong knowledge of encryption standards. Detail oriented problem solver. Strong communication teamwork skills.
Network Security Engineer,Cybersecurity professional skilled in network security firewall VPN SSL TLS encryption. Performed vulnerability assessments penetration testing incident response. Experience with SIEM tools log analysis threat detection. Detail oriented problem solver. Bachelor degree in related field.
Network Security Engineer,Information security engineer experienced in network security firewall management IDS IPS. Conducted security audits risk assessments. Proficient in Cisco networking TCP IP protocols. Strong knowledge of encryption standards. Proven track record of success. Detail oriented problem solver.
Network Security Engineer,Information security engineer experienced in network security firewall management IDS IPS. Conducted security audits risk assessments. Proficient in Cisco networking TCP IP protocols. Strong knowledge of encryption standards. Certified professional. 5 years industry experience.
Network Security Engineer,Cybersecurity professional skilled in network security firewall VPN SSL TLS encryption. Performed vulnerability assessments penetration testing incident response. Experience with SIEM tools log analysis threat detection. Results driven individual. Detail oriented problem solver.
Network Security Engineer,Network security engineer with expertise in firewall configuration VPN intrusion detection systems. Proficient in Cisco router switch configuration TCP IP networking. Experience with penetration testing vulnerability assessment security audits. 5 years industry experience. Detail oriented problem solver.
Network Security Engineer,Information security engineer experienced in network security firewall management IDS IPS. Conducted security audits risk assessments. Proficient in Cisco networking TCP IP protocols. Strong knowledge of encryption standards. Proven track record of success. Certified professional.
Network Security Engineer,Cybersecurity professional skilled in network security firewall VPN SSL TLS encryption. Performed vulnerability assessments penetration testing incident response. Experience with SIEM tools log analysis threat detection. Strong communication teamwork skills. Results driven individual.
Network Security Engineer,Network security engineer with expertise in firewall configuration VPN intrusion detection systems. Proficient in Cisco router switch configuration TCP IP networking. Experience with penetration testing vulnerability assessment security audits. 5 years industry experience. Strong communication teamwork skills.
Network Security Engineer,Cybersecurity professional skilled in network security firewall VPN SSL TLS encryption. Performed vulnerability assessments penetration testing incident response. Experience with SIEM tools log analysis threat detection. Seeking challenging opportunities. Strong communication teamwork skills.
Network Security Engineer,Network security engineer with expertise in firewall configuration VPN intrusion detection systems. Proficient in Cisco router switch configuration TCP IP networking. Experience with penetration testing vulnerability assessment security audits. Bachelor degree in related field. 5 years industry experience.
Network Security Engineer,Information security engineer experienced in network security firewall management IDS IPS. Conducted security audits risk assessments. Proficient in Cisco networking TCP IP protocols. Strong knowledge of encryption standards. Results driven individual. Certified professional.
Network Security Engineer,Information security engineer experienced in network security firewall management IDS IPS. Conducted security audits risk assessments. Proficient in Cisco networking TCP IP protocols. Strong knowledge of encryption standards. Seeking challenging opportunities. Bachelor degree in related field.
Network Security Engineer,Information security engineer experienced in network security firewall management IDS IPS. Conducted security audits risk assessments. Proficient in Cisco networking TCP IP protocols. Strong knowledge of encryption standards. Results driven individual. 5 years industry experience.
Network Security Engineer,Network security engineer with expertise in firewall configuration VPN intrusion detection systems. Proficient in Cisco router switch configuration TCP IP networking. Experience with penetration testing vulnerability assessment security audits. Detail oriented problem solver. Strong communication teamwork skills.
Network Security Engineer,Cybersecurity professional skilled in network security firewall VPN SSL TLS encryption. Performed vulnerability assessments penetration testing incident response. Experience with SIEM tools log analysis threat detection. 5 years industry experience. Seeking challenging opportunities.
Network Security Engineer,Network security engineer with expertise in firewall configuration VPN intrusion detection systems. Proficient in Cisco router switch configuration TCP IP networking. Experience with penetration testing vulnerability assessment security audits. 5 years industry experience. Seeking challenging opportunities.
Network Security Engineer,Network security engineer with expertise in firewall configuration VPN intrusion detection systems. Proficient in Cisco router switch configuration TCP IP networking. Experience with penetration testing vulnerability assessment security audits. Certified professional. Proven track record of success.
Network Security Engineer,Information security engineer experienced in network security firewall management IDS IPS. Conducted security audits risk assessments. Proficient in Cisco networking TCP IP protocols. Strong knowledge of encryption standards. Results driven individual. Bachelor degree in related field.
Network Security Engineer,Information security engineer experienced in network security firewall management IDS IPS. Conducted security audits risk assessments. Proficient in Cisco networking TCP IP protocols. Strong knowledge of encryption standards. Bachelor degree in related field. Seeking challenging opportunities.
Network Security Engineer,Network security engineer with expertise in firewall configuration VPN intrusion detection systems. Proficient in Cisco router switch configuration TCP IP networking. Experience with penetration testing vulnerability assessment security audits. Strong communication teamwork skills. Seeking challenging opportunities.
Network Security Engineer,Information security engineer experienced in network security firewall management IDS IPS. Conducted security audits risk assessments. Proficient in Cisco networking TCP IP protocols. Strong knowledge of encryption standards. Bachelor degree in related field. 5 years industry experience.
Network Security Engineer,Information security engineer experienced in network security firewall management IDS IPS. Conducted security audits risk assessments. Proficient in Cisco networking TCP IP protocols. Strong knowledge of encryption standards. Seeking challenging opportunities. Results driven individual.
Network Security Engineer,Network security engineer with expertise in firewall configuration VPN intrusion detection systems. Proficient in Cisco router switch configuration TCP IP networking. Experience with penetration testing vulnerability assessment security audits. Bachelor degree in related field. Proven track record of success.
Network Security Engineer,Cybersecurity professional skilled in network security firewall VPN SSL TLS encryption. Performed vulnerability assessments penetration testing incident response. Experience with SIEM tools log analysis threat detection. 5 years industry experience. Bachelor degree in related field.
Network Security Engineer,Information security engineer experienced in network security firewall management IDS IPS. Conducted security audits risk assessments. Proficient in Cisco networking TCP IP protocols. Strong knowledge of encryption standards. Detail oriented problem solver. Results driven individual.
Network Security Engineer,Information security engineer experienced in network security firewall management IDS IPS. Conducted security audits risk assessments. Proficient in Cisco networking TCP IP protocols. Strong knowledge of encryption standards. Certified professional. Seeking challenging opportunities.
Network Security Engineer,Network security engineer with expertise in firewall configuration VPN intrusion detection systems. Proficient in Cisco router switch configuration TCP IP networking. Experience with penetration testing vulnerability assessment security audits. Strong communication teamwork skills. Seeking challenging opportunities.
Network Security Engineer,Network security engineer with expertise in firewall configuration VPN intrusion detection systems. Proficient in Cisco router switch configuration TCP IP networking. Experience with penetration testing vulnerability assessment security audits. Detail oriented problem solver. 5 years industry experience.
Mechanical Engineer,Design engineer skilled in SolidWorks AutoCAD CAE simulation. Developed mechanical components for aerospace automotive industries. Experience with material science prototyping testing validation. Lean six sigma green belt certified. 5 years industry experience. Bachelor degree in related field.
Mechanical Engineer,Mechanical engineer experienced in product design CAD modeling FEA simulation. Used SolidWorks ANSYS for structural thermal analysis. Background in manufacturing processes quality control. Strong problem solving analytical skills. Strong communication teamwork skills. Results driven individual.
Mechanical Engineer,Mechanical engineer experienced in product design CAD modeling FEA simulation. Used SolidWorks ANSYS for structural thermal analysis. Background in manufacturing processes quality control. Strong problem solving analytical skills. Proven track record of success. Strong communication teamwork skills.
Mechanical Engineer,Mechanical engineer experienced in product design CAD modeling FEA simulation. Used SolidWorks ANSYS for structural thermal analysis. Background in manufacturing processes quality control. Strong problem solving analytical skills. Detail oriented problem solver. Strong communication teamwork skills.
Mechanical Engineer,Mechanical engineer with expertise in CAD SolidWorks AutoCAD ANSYS finite element analysis. Worked on product design manufacturing processes thermodynamics fluid mechanics. Experience with project management lean manufacturing six sigma. Certified professional. Bachelor degree in related field.
Mechanical Engineer,Mechanical engineer with expertise in CAD SolidWorks AutoCAD ANSYS finite element analysis. Worked on product design manufacturing processes thermodynamics fluid mechanics. Experience with project management lean manufacturing six sigma. Bachelor degree in related field. Detail oriented problem solver.
Mechanical Engineer,Mechanical engineer experienced in product design CAD modeling FEA simulation. Used SolidWorks ANSYS for structural thermal analysis. Background in manufacturing processes quality control. Strong problem solving analytical skills. Detail oriented problem solver. Proven track record of success.
Mechanical Engineer,Mechanical engineer with expertise in CAD SolidWorks AutoCAD ANSYS finite element analysis. Worked on product design manufacturing processes thermodynamics fluid mechanics. Experience with project management lean manufacturing six sigma. Bachelor degree in related field. Strong communication teamwork skills.
Mechanical Engineer,Mechanical engineer with expertise in CAD SolidWorks AutoCAD ANSYS finite element analysis. Worked on product design manufacturing processes thermodynamics fluid mechanics. Experience with project management lean manufacturing six sigma. 5 years industry experience. Detail oriented problem solver.
Mechanical Engineer,Design engineer skilled in SolidWorks AutoCAD CAE simulation. Developed mechanical components for aerospace automotive industries. Experience with material science prototyping testing validation. Lean six sigma green belt certified. Strong communication teamwork skills. Seeking challenging opportunities.
Mechanical Engineer,Mechanical engineer with expertise in CAD SolidWorks AutoCAD ANSYS finite element analysis. Worked on product design manufacturing processes thermodynamics fluid mechanics. Experience with project management lean manufacturing six sigma. Certified professional. Seeking challenging opportunities.
Mechanical Engineer,Mechanical engineer with expertise in CAD SolidWorks AutoCAD ANSYS finite element analysis. Worked on product design manufacturing processes thermodynamics fluid mechanics. Experience with project management lean manufacturing six sigma. Strong communication teamwork skills. Proven track record of success.
Mechanical Engineer,Mechanical engineer experienced in product design CAD modeling FEA simulation. Used SolidWorks ANSYS for structural thermal analysis. Background in manufacturing processes quality control. Strong problem solving analytical skills. Detail oriented problem solver. Proven track record of success.
Mechanical Engineer,Mechanical engineer with expertise in CAD SolidWorks AutoCAD ANSYS finite element analysis. Worked on product design manufacturing processes thermodynamics fluid mechanics. Experience with project management lean manufacturing six sigma. Seeking challenging opportunities. Detail oriented problem solver.
Mechanical Engineer,Mechanical engineer with expertise in CAD SolidWorks AutoCAD ANSYS finite element analysis. Worked on product design manufacturing processes thermodynamics fluid mechanics. Experience with project management lean manufacturing six sigma. Strong communication teamwork skills. 5 years industry experience.
Mechanical Engineer,Design engineer skilled in SolidWorks AutoCAD CAE simulation. Developed mechanical components for aerospace automotive industries. Experience with material science prototyping testing validation. Lean six sigma green belt certified. Results driven individual. Proven track record of success.
Mechanical Engineer,Design engineer skilled in SolidWorks AutoCAD CAE simulation. Developed mechanical components for aerospace automotive industries. Experience with material science prototyping testing validation. Lean six sigma green belt certified. Seeking challenging opportunities. Strong communication teamwork skills.
Mechanical Engineer,Mechanical engineer with expertise in CAD SolidWorks AutoCAD ANSYS finite element analysis. Worked on product design manufacturing processes thermodynamics fluid mechanics. Experience with project management lean manufacturing six sigma. 5 years industry experience. Certified professional.
Mechanical Engineer,Design engineer skilled in SolidWorks AutoCAD CAE simulation. Developed mechanical components for aerospace automotive industries. Experience with material science prototyping testing validation. Lean six sigma green belt certified. 5 years industry experience. Detail oriented problem solver.
Mechanical Engineer,Mechanical engineer with expertise in CAD SolidWorks AutoCAD ANSYS finite element analysis. Worked on product design manufacturing processes thermodynamics fluid mechanics. Experience with project management lean manufacturing six sigma. Proven track record of success. Certified professional.
Mechanical Engineer,Design engineer skilled in SolidWorks AutoCAD CAE simulation. Developed mechanical components for aerospace automotive industries. Experience with material science prototyping testing validation. Lean six sigma green belt certified. Strong communication teamwork skills. Seeking challenging opportunities.
Mechanical Engineer,Mechanical engineer experienced in product design CAD modeling FEA simulation. Used SolidWorks ANSYS for structural thermal analysis. Background in manufacturing processes quality control. Strong problem solving analytical skills. Certified professional. Seeking challenging opportunities.
Mechanical Engineer,Mechanical engineer with expertise in CAD SolidWorks AutoCAD ANSYS finite element analysis. Worked on product design manufacturing processes thermodynamics fluid mechanics. Experience with project management lean manufacturing six sigma. Detail oriented problem solver. Bachelor degree in related field.
Mechanical Engineer,Mechanical engineer with expertise in CAD SolidWorks AutoCAD ANSYS finite element analysis. Worked on product design manufacturing processes thermodynamics fluid mechanics. Experience with project management lean manufacturing six sigma. Certified professional. Detail oriented problem solver.
Mechanical Engineer,Mechanical engineer with expertise in CAD SolidWorks AutoCAD ANSYS finite element analysis. Worked on product design manufacturing processes thermodynamics fluid mechanics. Experience with project management lean manufacturing six sigma. Detail oriented problem solver. Bachelor degree in related field.
Mechanical Engineer,Mechanical engineer experienced in product design CAD modeling FEA simulation. Used SolidWorks ANSYS for structural thermal analysis. Background in manufacturing processes quality control. Strong problem solving analytical skills. 5 years industry experience. Certified professional.
Mechanical Engineer,Mechanical engineer experienced in product design CAD modeling FEA simulation. Used SolidWorks ANSYS for structural thermal analysis. Background in manufacturing processes quality control. Strong problem solving analytical skills. Detail oriented problem solver. Certified professional.
Mechanical Engineer,Mechanical engineer experienced in product design CAD modeling FEA simulation. Used SolidWorks ANSYS for structural thermal analysis. Background in manufacturing processes quality control. Strong problem solving analytical skills. 5 years industry experience. Seeking challenging opportunities.
Mechanical Engineer,Mechanical engineer experienced in product design CAD modeling FEA simulation. Used SolidWorks ANSYS for structural thermal analysis. Background in manufacturing processes quality control. Strong problem solving analytical skills. Results driven individual. Strong communication teamwork skills.
Mechanical Engineer,Design engineer skilled in SolidWorks AutoCAD CAE simulation. Developed mechanical components for aerospace automotive industries. Experience with material science prototyping testing validation. Lean six sigma green belt certified. Bachelor degree in related field. Detail oriented problem solver.
Mechanical Engineer,Mechanical engineer experienced in product design CAD modeling FEA simulation. Used SolidWorks ANSYS for structural thermal analysis. Background in manufacturing processes quality control. Strong problem solving analytical skills. Certified professional. Proven track record of success.
Mechanical Engineer,Mechanical engineer experienced in product design CAD modeling FEA simulation. Used SolidWorks ANSYS for structural thermal analysis. Background in manufacturing processes quality control. Strong problem solving analytical skills. Bachelor degree in related field. Detail oriented problem solver.
Mechanical Engineer,Design engineer skilled in SolidWorks AutoCAD CAE simulation. Developed mechanical components for aerospace automotive industries. Experience with material science prototyping testing validation. Lean six sigma green belt certified. Results driven individual. Seeking challenging opportunities.
Mechanical Engineer,Design engineer skilled in SolidWorks AutoCAD CAE simulation. Developed mechanical components for aerospace automotive industries. Experience with material science prototyping testing validation. Lean six sigma green belt certified. Seeking challenging opportunities. 5 years industry experience.
Mechanical Engineer,Mechanical engineer with expertise in CAD SolidWorks AutoCAD ANSYS finite element analysis. Worked on product design manufacturing processes thermodynamics fluid mechanics. Experience with project management lean manufacturing six sigma. Proven track record of success. Detail oriented problem solver.
Mechanical Engineer,Mechanical engineer with expertise in CAD SolidWorks AutoCAD ANSYS finite element analysis. Worked on product design manufacturing processes thermodynamics fluid mechanics. Experience with project management lean manufacturing six sigma. Results driven individual. Bachelor degree in related field.
Mechanical Engineer,Mechanical engineer experienced in product design CAD modeling FEA simulation. Used SolidWorks ANSYS for structural thermal analysis. Background in manufacturing processes quality control. Strong problem solving analytical skills. Proven track record of success. Strong communication teamwork skills.
Mechanical Engineer,Mechanical engineer with expertise in CAD SolidWorks AutoCAD ANSYS finite element analysis. Worked on product design manufacturing processes thermodynamics fluid mechanics. Experience with project management lean manufacturing six sigma. Bachelor degree in related field. Proven track record of success.
Mechanical Engineer,Design engineer skilled in SolidWorks AutoCAD CAE simulation. Developed mechanical components for aerospace automotive industries. Experience with material science prototyping testing validation. Lean six sigma green belt certified. Proven track record of success. Strong communication teamwork skills.
Mechanical Engineer,Design engineer skilled in SolidWorks AutoCAD CAE simulation. Developed mechanical components for aerospace automotive industries. Experience with material science prototyping testing validation. Lean six sigma green belt certified. Bachelor degree in related field. Seeking challenging opportunities.
Arts,Multimedia designer experienced in graphic design video production photography. Proficient in Adobe After Effects Premiere Photoshop Illustrator. Created animations motion graphics for digital campaigns. Strong artistic creative skills. Results driven individual. Bachelor degree in related field.
Arts,Creative designer proficient in Adobe Creative Suite illustration photography video editing. Developed visual content for social media digital marketing. Experience with UI design branding logo creation. Portfolio of diverse design projects. Certified professional. Bachelor degree in related field.
Arts,Multimedia designer experienced in graphic design video production photography. Proficient in Adobe After Effects Premiere Photoshop Illustrator. Created animations motion graphics for digital campaigns. Strong artistic creative skills. Detail oriented problem solver. Bachelor degree in related field.
Arts,Multimedia designer experienced in graphic design video production photography. Proficient in Adobe After Effects Premiere Photoshop Illustrator. Created animations motion graphics for digital campaigns. Strong artistic creative skills. Strong communication teamwork skills. Seeking challenging opportunities.
Arts,Creative designer proficient in Adobe Creative Suite illustration photography video editing. Developed visual content for social media digital marketing. Experience with UI design branding logo creation. Portfolio of diverse design projects. 5 years industry experience. Certified professional.
Arts,Creative designer proficient in Adobe Creative Suite illustration photography video editing. Developed visual content for social media digital marketing. Experience with UI design branding logo creation. Portfolio of diverse design projects. Certified professional. 5 years industry experience.
Arts,Graphic designer skilled in Adobe Photoshop Illustrator InDesign Premiere Pro. Created brand identities marketing materials digital content. Experience with typography layout design print media. Strong visual communication creativity. Seeking challenging opportunities. Bachelor degree in related field.
Arts,Graphic designer skilled in Adobe Photoshop Illustrator InDesign Premiere Pro. Created brand identities marketing materials digital content. Experience with typography layout design print media. Strong visual communication creativity. Seeking challenging opportunities. Strong communication teamwork skills.
Arts,Creative designer proficient in Adobe Creative Suite illustration photography video editing. Developed visual content for social media digital marketing. Experience with UI design branding logo creation. Portfolio of diverse design projects. 5 years industry experience. Results driven individual.
Arts,Graphic designer skilled in Adobe Photoshop Illustrator InDesign Premiere Pro. Created brand identities marketing materials digital content. Experience with typography layout design print media. Strong visual communication creativity. Results driven individual. Proven track record of success.
Arts,Creative designer proficient in Adobe Creative Suite illustration photography video editing. Developed visual content for social media digital marketing. Experience with UI design branding logo creation. Portfolio of diverse design projects. Results driven individual. Seeking challenging opportunities.
Arts,Multimedia designer experienced in graphic design video production photography. Proficient in Adobe After Effects Premiere Photoshop Illustrator. Created animations motion graphics for digital campaigns. Strong artistic creative skills. 5 years industry experience. Detail oriented problem solver.
Arts,Multimedia designer experienced in graphic design video production photography. Proficient in Adobe After Effects Premiere Photoshop Illustrator. Created animations motion graphics for digital campaigns. Strong artistic creative skills. Certified professional. Detail oriented problem solver.
Arts,Graphic designer skilled in Adobe Photoshop Illustrator InDesign Premiere Pro. Created brand identities marketing materials digital content. Experience with typography layout design print media. Strong visual communication creativity. Seeking challenging opportunities. 5 years industry experience.
Arts,Graphic designer skilled in Adobe Photoshop Illustrator InDesign Premiere Pro. Created brand identities marketing materials digital content. Experience with typography layout design print media. Strong visual communication creativity. Seeking challenging opportunities. 5 years industry experience.
Arts,Graphic designer skilled in Adobe Photoshop Illustrator InDesign Premiere Pro. Created brand identities marketing materials digital content. Experience with typography layout design print media. Strong visual communication creativity. Bachelor degree in related field. Detail oriented problem solver.
Arts,Creative designer proficient in Adobe Creative Suite illustration photography video editing. Developed visual content for social media digital marketing. Experience with UI design branding logo creation. Portfolio of diverse design projects. Results driven individual. Bachelor degree in related field.
Arts,Multimedia designer experienced in graphic design video production photography. Proficient in Adobe After Effects Premiere Photoshop Illustrator. Created animations motion graphics for digital campaigns. Strong artistic creative skills. Certified professional. Bachelor degree in related field.
Arts,Multimedia designer experienced in graphic design video production photography. Proficient in Adobe After Effects Premiere Photoshop Illustrator. Created animations motion graphics for digital campaigns. Strong artistic creative skills. Certified professional. 5 years industry experience.
Arts,Multimedia designer experienced in graphic design video production photography. Proficient in Adobe After Effects Premiere Photoshop Illustrator. Created animations motion graphics for digital campaigns. Strong artistic creative skills. Strong communication teamwork skills. Seeking challenging opportunities.
Arts,Graphic designer skilled in Adobe Photoshop Illustrator InDesign Premiere Pro. Created brand identities marketing materials digital content. Experience with typography layout design print media. Strong visual communication creativity. 5 years industry experience. Seeking challenging opportunities.
Arts,Creative designer proficient in Adobe Creative Suite illustration photography video editing. Developed visual content for social media digital marketing. Experience with UI design branding logo creation. Portfolio of diverse design projects. Bachelor degree in related field. Proven track record of success.
Arts,Creative designer proficient in Adobe Creative Suite illustration photography video editing. Developed visual content for social media digital marketing. Experience with UI design branding logo creation. Portfolio of diverse design projects. 5 years industry experience. Results driven individual.
Arts,Multimedia designer experienced in graphic design video production photography. Proficient in Adobe After Effects Premiere Photoshop Illustrator. Created animations motion graphics for digital campaigns. Strong artistic creative skills. Bachelor degree in related field. Seeking challenging opportunities.
Arts,Multimedia designer experienced in graphic design video production photography. Proficient in Adobe After Effects Premiere Photoshop Illustrator. Created animations motion graphics for digital campaigns. Strong artistic creative skills. Results driven individual. 5 years industry experience.
Arts,Graphic designer skilled in Adobe Photoshop Illustrator InDesign Premiere Pro. Created brand identities marketing materials digital content. Experience with typography layout design print media. Strong visual communication creativity. Results driven individual. Detail oriented problem solver.
Arts,Multimedia designer experienced in graphic design video production photography. Proficient in Adobe After Effects Premiere Photoshop Illustrator. Created animations motion graphics for digital campaigns. Strong artistic creative skills. Bachelor degree in related field. Detail oriented problem solver.
Arts,Multimedia designer experienced in graphic design video production photography. Proficient in Adobe After Effects Premiere Photoshop Illustrator. Created animations motion graphics for digital campaigns. Strong artistic creative skills. 5 years industry experience. Certified professional.
Arts,Graphic designer skilled in Adobe Photoshop Illustrator InDesign Premiere Pro. Created brand identities marketing materials digital content. Experience with typography layout design print media. Strong visual communication creativity. Proven track record of success. Bachelor degree in related field.
Arts,Creative designer proficient in Adobe Creative Suite illustration photography video editing. Developed visual content for social media digital marketing. Experience with UI design branding logo creation. Portfolio of diverse design projects. Certified professional. Bachelor degree in related field.
Arts,Graphic designer skilled in Adobe Photoshop Illustrator InDesign Premiere Pro. Created brand identities marketing materials digital content. Experience with typography layout design print media. Strong visual communication creativity. Seeking challenging opportunities. Proven track record of success.
Arts,Multimedia designer experienced in graphic design video production photography. Proficient in Adobe After Effects Premiere Photoshop Illustrator. Created animations motion graphics for digital campaigns. Strong artistic creative skills. Results driven individual. 5 years industry experience.
Arts,Graphic designer skilled in Adobe Photoshop Illustrator InDesign Premiere Pro. Created brand identities marketing materials digital content. Experience with typography layout design print media. Strong visual communication creativity. Proven track record of success. Strong communication teamwork skills.
Arts,Multimedia designer experienced in graphic design video production photography. Proficient in Adobe After Effects Premiere Photoshop Illustrator. Created animations motion graphics for digital campaigns. Strong artistic creative skills. 5 years industry experience. Seeking challenging opportunities.
Arts,Graphic designer skilled in Adobe Photoshop Illustrator InDesign Premiere Pro. Created brand identities marketing materials digital content. Experience with typography layout design print media. Strong visual communication creativity. Proven track record of success. Seeking challenging opportunities.
Arts,Graphic designer skilled in Adobe Photoshop Illustrator InDesign Premiere Pro. Created brand identities marketing materials digital content. Experience with typography layout design print media. Strong visual communication creativity. 5 years industry experience. Proven track record of success.
Arts,Multimedia designer experienced in graphic design video production photography. Proficient in Adobe After Effects Premiere Photoshop Illustrator. Created animations motion graphics for digital campaigns. Strong artistic creative skills. 5 years industry experience. Strong communication teamwork skills.
Arts,Graphic designer skilled in Adobe Photoshop Illustrator InDesign Premiere Pro. Created brand identities marketing materials digital content. Experience with typography layout design print media. Strong visual communication creativity. Certified professional. Detail oriented problem solver.
Arts,Multimedia designer experienced in graphic design video production photography. Proficient in Adobe After Effects Premiere Photoshop Illustrator. Created animations motion graphics for digital campaigns. Strong artistic creative skills. Results driven individual. Seeking challenging opportunities.
Arts,Multimedia designer experienced in graphic design video production photography. Proficient in Adobe After Effects Premiere Photoshop Illustrator. Created animations motion graphics for digital campaigns. Strong artistic creative skills. Seeking challenging opportunities. Certified professional.
